0.08; capitulo
0.90; 6
1.20; la
2.04; ultima
2.52; dictadura
3.12; 1976
4.62; 1983
8.58; escenario
10.10; nacional
10.64; e
10.92; internacional
11.56; en
13.86; marzo
14.16; de
14.30; 1976
15.12; la
15.68; sociedad
15.96; argentina
16.58; creia
16.98; presenciar
17.48; un
17.58; capitulo
18.02; mas
18.26; de
18.52; la
18.62; saga
18.84; de
19.00; letr
19.36; no
19.56; retorno
19.94; de
20.16; los
20.30; golpes
20.54; militares
21.28; tras
21.94; un
22.08; gobierno
22.30; popular
22.68; de
22.94; bill
23.12; e
23.36; inepto
24.06; sin
24.68; embargo
25.08; este
25.88; nuevo
26.08; golpe
26.36; de
26.54; estado
26.78; traeria
27.26; consigo
27.56; una
27.82; concepcion
28.24; política
28.66; y
28.86; económica
29.40; dispuesta
29.82; a
30.02; utilizar
30.46; todo
31.06; tipo
31.48; de
31.60; mecanismos
32.20; core
32.42; citillo
32.68; activos
32.86; para
33.04; imponerse
33.58; al
33.66; conjunto
33.98; de
34.36; los
34.48; ciudadanos
35.74; en
36.70; realidad
36.96; estaba
37.34; ocurriendo
37.82; a
37.90; nivel
38.04; internacional
38.64; algunos
39.00; acontecimientos
39.92; que
40.48; favorecerían
41.20; al
41.44; proceso
41.72; de
42.06; reorganizacion
42.94; nacional
43.46; como
43.94; se
44.12; dio
44.26; en
44.42; llamar
44.72; la
44.86; etapa
45.14; que
45.34; inició
45.62; la
45.74; junta
46.04; militar
46.36; integrada
47.26; por
47.50; jorge
47.78; rafael
48.16; videla
48.46; emilio
48.98; eduardo
49.26; masera
49.68; y
49.86; orlando
50.10; ramon
50.50; agosti
51.70; el
52.34; esquema
52.60; del
52.72; mundo
52.96; bipolar
53.34; parecía
53.84; empezar
54.24; al
54.56; anguidesar
56.92; en
57.78; los
57.88; países
58.20; bajo
58.62; la
58.82; órbita
59.24; de
59.36; la
59.44; influencia
59.84; capitalista
60.44; norteamericana
61.16; que
61.40; se
61.54; habían
61.82; consolidado
62.70; según
63.18; el
63.34; concepto
63.82; de
63.90; estado
64.26; de
64.48; bienestar
64.96; es
65.26; es
65.34; decir
65.54; asegurando
66.28; cierto
66.94; nivel
67.42; de
67.66; desarrollo
67.96; económico
68.70; a
69.22; los
69.34; sectores
69.70; asalariados
70.54; para
70.82; evitar
71.12; que
71.46; optaran
72.12; por
72.56; los
72.68; partidos
73.02; de
73.14; izquierda
73.62; las
74.10; posibilidades
74.70; de
74.90; crecimiento
75.28; parecían
75.86; agotadas
76.42; los
77.96; gobiernos
78.34; se
78.48; habían
78.62; invertido
79.02; demasiado
79.46; en
79.70; seguridad
80.06; social
80.72; habían
81.22; sostenido
81.86; un
82.06; mercado
82.34; interno
82.82; contra
83.08; las
83.24; proteccionistas
83.96; contra
84.44; la
84.60; producción
84.90; extranjera
85.56; y
86.00; tambien
86.38; se
86.84; habían
87.00; hecho
87.18; cargo
87.48; de
87.60; los
87.70; servicios
88.00; públicos
88.66; nacionalizándolos
95.74; así
96.24; los
96.34; sostenían
96.78; los
96.94; economistas
97.46; neoliberales
98.18; sobre
99.06; todo
99.26; ahora
99.64; que
99.90; la
100.20; banca
100.44; de
100.56; occidente
100.84; había
101.26; recibido
101.74; una
101.88; gran
102.02; masa
102.28; de
102.44; capitales
102.94; provenientes
103.36; de
103.56; los
103.64; países
103.82; productores
104.40; de
104.54; petróleo
105.00; que
105.40; gracias
105.76; a
106.22; la
106.32; crisis
106.56; de
106.76; 1973
107.78; se
108.46; convertieron
108.96; en
109.20; acreedores
109.88; y
110.08; abastecedores
110.72; de
111.16; fondos
111.50; de
111.62; inversión
112.64; las
113.52; instituciones
114.00; bancarias
114.52; de
114.62; los
114.74; países
114.96; industrializados
116.00; en
116.42; particular
116.96; direccionarían
117.86; hacia
118.12; los
118.28; países
118.54; proveedores
119.20; de
119.34; materias
119.68; primas
120.04; esa
120.66; masa
120.90; crediticia
121.66; había
122.58; que
122.76; hacerle
123.06; tomar
123.26; deuda
123.68; para
124.30; eso
124.58; estaba
125.04; los
125.24; países
125.46; de
125.64; america
125.96; latina
126.40; y
126.68; en
126.80; ellos
127.06; se
127.50; habían
127.60; instalado
128.10; las
128.24; dictadoras
128.66; militares
129.14; que
129.28; como
129.48; la
129.62; de
129.74; argentina
130.30; impondrían
131.04; directivas
131.54; económicas
132.18; neoliberales
143.09; el
143.71; estado
143.99; no
145.63; tenía
145.87; por
146.03; qué
146.19; seguir
146.43; endeudándose
147.19; para
147.39; sostener
147.75; artificialmente
148.65; a
148.99; la
149.07; industria
149.51; eso
150.27; había
150.77; generado
151.21; los
151.39; recurrentes
151.97; procesos
152.39; infresionarios
153.89; ademas
154.23; se
154.77; habían
154.97; gestado
155.39; en
155.57; torno
155.83; a
155.89; los
155.99; centros
156.41; fabriles
156.87; los
157.13; movimientos
157.55; obreros
158.31; que
158.73; sostenían
159.29; a
159.37; los
159.49; gobiernos
159.83; populistas
160.43; lo
160.77; que
160.97; a
161.15; su
161.29; vez
161.47; les
161.95; proporcionaban
162.67; los
162.91; beneficios
163.57; sociales
164.15; con
164.41; lo
164.51; que
164.63; el
164.73; estado
164.95; se
165.17; endeudado
166.01; había
166.87; que
167.01; terminar
167.41; con
167.63; ese
167.85; circulo
168.27; vicioso
168.73; por
169.37; lo
169.49; tanto
169.85; el
170.25; plan
170.39; económico
170.93; pergeneado
171.61; por
171.83; estos
172.09; economistas
172.85; que
173.77; tuvieron
174.21; en
174.45; la
174.57; argentina
175.07; su
175.25; máxima
175.71; expresión
176.17; en
176.45; el
176.55; fredo
176.83; martines
177.19; de
177.33; os
177.49; empezaría
178.33; por
178.63; eliminar
179.17; todo
179.33; tipo
179.65; de
179.77; oposición
180.27; ideológica
181.07; resistencia
181.99; social
182.49; o
182.87; expresión
183.31; periodística
184.09; que
184.49; los
184.61; cuestionara
185.15; o
185.51; enfrentara
186.25; si
187.29; para
187.49; aplicar
187.83; el
187.95; plan
188.11; económico
188.67; había
188.89; que
189.07; eliminar
189.51; dirigentes
189.95; sindicales
190.57; profesores
190.99; universitarios
191.83; o
191.99; periodistas
192.57; se
192.85; lo
192.97; hacía
193.35; tambien
194.07; artistas
194.57; estudiantes
195.13; trabajadores
195.83; jóvenes
196.31; o
196.53; viejos
196.83; mujeres
197.19; o
197.37; barones
197.71; a
198.27; todos
198.55; se
198.87; los
198.97; podia
199.33; hacer
199.61; desaparecer
201.21; se
201.53; trataba
201.87; de
201.97; un
202.07; gobierno
202.27; de
202.47; facto
202.83; no
203.43; había
203.59; garantías
204.05; constitucionales
205.41; los
205.67; que
205.91; reclamaban
206.65; por
206.79; aquellos
207.05; que
207.29; desaparecían
207.91; podien
208.23; ser
208.43; a
208.53; su
208.65; vez
208.81; víctimas
209.25; de
209.39; persecución
210.15; esto
210.91; fue
211.07; el
211.19; terrorismo
211.65; de
211.79; estado
212.25; la
212.99; violación
213.29; sistemática
213.83; de
214.11; todos
214.37; los
214.61; derechos
214.85; humanos
215.31; con
215.87; la
215.99; mas
216.13; absoluta
216.77; impunidad
217.25; y
217.43; al
217.51; servicio
217.81; de
218.11; un
218.21; esquema
218.67; económico
219.21; impuesto
219.61; desde
219.83; el
219.99; exterior
220.43; que
220.95; contaba
221.35; con
221.53; un
221.65; grupo
221.85; de
222.05; empresarios
222.55; y
222.69; corporaciones
223.25; locales
223.89; como
224.23; sus
224.41; principales
224.95; beneficiarios
225.69; y
226.07; operadores
227.57; los
228.05; jefes
228.49; de
228.61; las
228.71; tres
228.91; fuerzas
229.21; de
229.35; la
229.43; nacion
229.75; oficiaron
230.63; de
230.79; brazo
231.07; armado
231.53; para
231.77; este
232.03; proceso
232.71; de
233.09; desnacionalizacion
234.11; de
234.25; la
234.33; economia
242.57; argentina
242.97; y
243.65; lo
243.75; peor
244.15; elaboraron
245.05; un
245.33; discurso
245.91; instalado
246.79; en
246.87; los
246.97; medios
247.17; de
247.33; comunicacion
247.97; a
248.27; su
248.39; servicio
248.83; y
249.31; en
249.39; los
249.47; contenidos
250.05; de
250.21; la
250.31; educacion
250.73; escolar
251.25; según
251.73; el
251.93; cual
252.15; venian
252.87; a
253.13; salvo
253.53; a
253.59; guardar
253.95; la
254.09; unidad
254.37; nacional
254.85; amenazada
255.73; por
255.97; el
256.07; accionar
256.55; de
256.65; la
256.75; subversion
257.29; a
257.55; patrida
258.60; en
259.60; ese
259.78; pretendido
260.30; salvataje
260.90; del
261.12; ser
261.30; nacional
261.82; se
262.40; producían
262.92; los
263.06; herros
263.36; de
263.44; fábricas
264.04; la
264.44; desocupacion
265.14; la
265.76; precarizacion
266.36; del
266.52; empleo
267.06; todo
267.48; ello
267.80; perjudicando
268.52; a
268.60; los
268.70; sectores
269.06; populares
269.80; pero
270.80; tambien
271.16; los
271.70; sectores
272.02; medios
272.44; primero
273.14; subjugados
273.88; por
274.08; esta
274.32; modernizacion
275.06; de
275.20; la
275.28; economia
275.94; que
276.26; les
276.36; permitia
276.78; comprarlo
277.30; importado
277.82; a
277.92; bajos
278.12; precios
278.54; y
279.00; viajar
279.26; al
279.40; exterior
279.70; gracias
280.10; al
280.30; dólar
280.52; barato
281.00; advertean
281.88; luego
282.16; que
282.64; sus
282.90; ahorros
283.42; se
283.70; evaporaban
284.28; cuando
284.48; querían
284.88; capitalizarlos
285.72; en
286.20; los
286.30; plazofijos
287.00; que
287.36; ofrecian
287.78; altisimos
288.36; intereses
289.32; en
289.58; bancos
289.92; y
290.02; compañías
290.46; financieras
291.08; y
291.54; que
291.64; en
291.74; realidad
292.10; eran
292.70; devorados
293.08; por
293.26; los
293.38; procesos
293.74; infacionarios
294.46; que
294.94; ellos
295.20; mismos
295.68; desencadenaban
296.84; era
297.80; los
298.00; tiempos
298.38; de
298.58; la
298.92; plata
299.16; dulce
299.70; de
300.28; mas
300.40; esta
300.64; decir
300.90; que
301.16; semejante
301.76; especulacion
302.24; financiera
302.90; con
303.24; exorbitantes
303.76; tasas
304.08; de
304.22; interés
304.66; impedia
305.32; que
305.48; las
305.64; liñas
305.86; de
306.00; crédito
306.36; llegaran
306.86; a
307.10; la
307.18; industria
307.60; nacional
308.06; en
308.76; la
308.84; mayoria
309.14; de
309.32; los
309.44; casos
309.72; el
309.92; empresaria
310.34; de
310.48; industria
310.80; lo
310.94; optaba
311.16; por
311.48; dejar
311.82; la
311.98; produccion
312.42; y
312.92; se
313.06; dedicaba
313.50; la
313.62; importacion
314.16; en
314.92; el
315.02; camino
315.42; quedaban
316.04; cientos
316.40; de
316.56; miles
316.76; de
316.92; trabajadores
317.42; desocupados
318.28; que
318.62; ademas
318.84; no
319.40; tenían
319.70; como
320.06; canalizar
320.58; sus
320.82; reclamos
321.81; pasados
323.11; 5
323.55; años
323.79; de
323.91; semejante
324.33; experimento
324.89; económico
325.31; social
325.71; el
325.89; gobierno
325.99; militar
326.51; advirtio
326.97; que
327.13; el
327.23; malestar
327.59; iba
327.95; a
328.05; derivar
328.45; en
328.55; un
328.67; reavivamiento
329.37; de
329.57; las
329.71; fuerzas
330.01; politicas
330.55; tradicionales
331.73; que
332.05; ya
332.21; empezaban
332.65; a
332.77; demandar
333.23; una
333.47; definision
334.13; sobre
334.41; el
334.51; retorno
334.83; al
334.99; estado
335.25; de
335.49; derecho
337.81; salvo
338.17; que
338.31; los
338.41; militares
338.83; demostaran
339.33; que
339.51; para
339.71; algo
340.03; le
340.21; hacia
340.41; falta
340.71; el
341.01; pueblo
341.21; argentino
342.17; no
342.75; veniamos
343.09; diciendo
343.43; desde
343.83; la
343.99; escuela
344.17; primaria
344.67; que
344.89; las
345.03; malvinas
345.51; eran
345.81; argentinas
349.81; no
350.33; veniamos
350.33; en
350.33; el
350.33; popular
350.33; en
350.91; una
351.17; realidad
351.79; así
352.81; el
353.41; tercer
353.65; presidente
354.13; de
354.31; facto
354.61; de
354.75; este
354.89; proceso
355.45; leopoldo
355.99; fortunato
356.47; galtieri
356.99; asociándose
358.07; a
358.29; los
358.39; planes
358.71; que
358.93; desde
359.07; la
359.29; marina
359.63; se
359.81; venían
360.11; diseñando
360.65; desde
360.79; años
361.03; atrás
361.41; decidio
362.23; la
362.35; ocupacion
362.75; del
362.91; archipiélago
363.80; con
364.60; un
364.70; descabellado
365.28; cálculo
365.68; que
366.16; les
366.24; permitio
366.62; pensar
366.90; que
367.08; los
367.22; poderosos
367.60; países
367.90; de
368.14; occidente,
369.10; inglaterra,
370.08; estados
370.28; unidos
370.84; que
371.22; habían
371.42; aplaudido
371.98; el
372.14; plan
372.28; económico
372.80; neoliberal
373.32; iban
373.76; a
373.90; aceptar
374.28; las
374.44; condiciones
374.82; impuestas
375.56; por
375.84; el
376.12; hecho
376.34; consumado
376.98; avanzaron
378.04; en
378.30; la
378.42; ocupacion
378.92; en
379.04; la
379.14; instalacion
379.60; de
379.76; un
379.86; gobierno
380.04; argentino
380.70; en
380.80; las
380.98; islas
381.34; y
385.90; por
386.04; consiguiente
386.72; decidieron
387.56; llevar
387.80; al
387.98; teatro
388.26; de
388.38; operaciones
388.76; del
388.96; trantico
389.44; sur
389.68; a
389.96; un
390.06; contingente
390.64; de
390.80; soldados
391.14; conscriptos
391.88; incorporados
392.60; a
392.84; la
392.96; edad
393.16; de
393.34; 18
393.72; años
394.16; es
394.50; casamente
394.90; capacitados
395.64; para
395.82; una
395.98; contienda
396.48; y
396.92; precariamente
397.52; conducidos
398.20; por
398.38; una
398.52; oficialidad
399.06; tambien
399.42; sorprendida
400.12; por
400.32; la
400.46; inmediatez
401.12; de
401.22; los
401.32; sucesos
403.38; la
403.78; respuesta
404.02; británica
404.54; no
404.70; se
404.80; hizo
404.96; esperar
405.32; desde
406.22; la
406.40; ocupacion
406.74; de
406.88; malvinas
407.36; hasta
407.74; la
407.96; rendición
408.44; pasaron
408.86; apenas
409.12; tres
409.44; meses
409.76; en
410.56; ese
410.74; breve
410.94; lapso
411.34; los
411.48; sentimientos
411.90; del
412.12; conjunto
412.44; de
412.72; la
412.80; ciudadanía
413.36; fueron
413.64; exaltados
414.32; y
414.70; se
414.82; convirtieron
415.30; en
415.54; genuinas
415.94; demostraciones
416.48; de
416.74; adhesión
417.14; a
417.32; la
417.42; causa
417.60; de
417.82; malvinas
418.36; y
418.70; al
418.82; heroísmo
419.34; de
419.44; los
419.54; combatientes
420.22; el
421.88; resultado
422.20; de
422.44; la
422.54; guerra
422.68; y
422.96; aconosimiento
423.44; de
423.76; la
423.84; lamentable
424.38; conducta
424.96; de
425.02; los
425.12; responsables
425.72; militares
426.30; en
426.54; distintos
426.88; ámbitos
427.54; fueron
428.22; el
428.54; disparador
429.02; de
429.20; un
429.32; proceso
429.60; de
429.84; cuestionamiento
430.36; al
430.62; régimen
431.02; que
431.28; en
431.40; poco
431.58; mas
431.78; de
431.88; un
432.00; año
432.28; llevaria
433.08; a
433.20; la
433.28; apertura
433.64; democrática
434.34; organismos
435.82; de
436.04; derechos
436.26; humanos
436.70; partidos
437.38; políticos
438.04; y
438.44; hasta
438.56; intelectuales
439.26; perseguidos
439.98; salieron
440.52; a
440.74; la
440.84; superficie
441.48; y
441.98; reclamaron
442.44; el
442.60; fin
442.78; del
442.94; gobierno
443.22; militar
444.30; por
444.72; ultimo
445.14; en
445.60; octubre
445.92; de
446.04; 1983
446.94; hubo
448.04; elecciones
448.40; nacionales
449.28; terminaba
450.16; la
450.30; oscura
450.62; noche
450.96; de
451.68; la
451.78; dictadura
452.36; panorama
453.44; local
454.32; el
455.20; golpe
455.42; de
455.64; estado
455.94; del
456.24; 24
456.68; de
456.98; marzo
457.28; de
457.44; 1976
458.18; no
459.28; sorprendio
459.86; a
459.94; nadie
460.30; el
460.90; clima
461.12; político
461.52; estaba
461.84; muy
462.12; enredecido
462.80; la
463.36; proximidad
463.86; de
464.00; las
464.16; elecciones
464.56; dividía
465.04; aguas
465.46; la
465.96; situación
466.26; económica
466.82; era
466.96; muy
467.20; inestable
467.74; el
468.30; costo
468.52; de
468.66; vida
468.88; aumentaba
469.38; día
469.64; tras
469.84; día
470.12; las
470.66; organizaciones
471.34; para
471.62; militares
472.06; sumaban
472.54; víctimas
472.94; cotidianamente
473.62; ambarandose
474.40; en
474.56; la
474.66; lucha
475.00; contra
475.40; la
475.56; subversión
476.20; y
476.64; el
476.72; gobierno
476.92; nacional
477.50; aparentaba
478.36; no
478.50; tener
478.72; respuestas
479.26; para
479.58; semejante
480.14; cuadro
490.30; se
490.40; le
490.46; designara
490.94; un
491.12; reemplazante
491.84; lo
492.22; que
492.36; ocurrió
492.74; el
493.12; 6
493.22; de
493.36; junio
493.66; de
493.80; 1976
494.94; al
495.52; ser
495.66; nombrado
496.10; el
496.26; comodoro
496.62; Juan
496.86; Carlos
497.16; Faber
497.78; Joti
498.22; por
498.60; un
498.68; decreto
499.06; del
499.22; gobernador
499.70; iberico
500.30; sanjan
501.12; Faber
502.36; Joti
502.74; al
503.02; asumir
503.44; se
503.94; reunió
504.28; con
504.40; el
504.52; personal
504.84; municipal
505.22; y
505.58; aseguró
505.92; que
506.06; no
506.22; habría
506.52; sesantías
507.16; aunque
507.72; algunos
508.10; días
508.32; más
508.50; tarde
508.84; aceptó
509.20; la
509.32; renuncia
509.76; de
509.88; diversos
510.30; funcionarios
511.02; y
511.52; nombró
511.84; antoño
512.26; nunes
512.62; como
512.94; secretario
513.44; de
513.56; asienda
513.98; a
514.46; José
514.74; sarme
515.28; como
515.56; secretario
516.06; de
516.20; salud
516.38; pública
516.90; y
517.36; Adriana
517.96; coirini
518.44; de
518.60; nieto
519.04; como
519.50; secretaria
520.04; privada
520.54; asimismo
521.60; inauguró
522.44; la
522.62; oficina
523.00; de
523.12; fiscalización
523.72; y
523.84; quejas
524.22; para
524.64; poder
524.90; comunicarse
525.52; en
525.60; forma
525.80; eficiente
526.20; con
526.52; los
526.62; contribuyentes
527.34; la
528.12; misma
528.30; repartición
528.94; recibía
529.74; denuncias
530.20; por
530.32; el
530.42; estado
530.62; de
530.82; las
530.96; calles
531.44; la
531.90; falta
532.18; de
532.36; recolección
532.80; de
532.94; residuos
533.50; o
533.90; la
534.14; mala
534.30; tensión
534.82; por
535.04; parte
535.34; de
535.48; los
535.60; empleados
536.10; municipales
536.78; a
537.28; que
537.40; ellas
537.66; debían
538.14; hacerse
538.50; por
538.66; escrito
539.08; y
539.36; confirma
539.98; e
540.22; identificación
551.15; de
551.27; los
551.41; vecinos
551.83; fue
552.65; Faber
552.95; Joti
553.33; quien
553.79; designó
554.19; como
554.35; su
554.51; director
554.79; a
555.11; fausto
555.45; biglione
556.03; y
556.49; como
556.73; asesora
557.17; honoraria
557.75; amarta
558.47; creuglicov
559.33; museóloga
560.87; otra
561.29; de
561.53; las
561.67; acciones
561.93; inmediatas
562.57; del
562.75; intendente
563.21; recientemente
563.77; nombrado
564.33; fue
564.53; la
564.67; de
564.77; formar
565.15; un
565.37; cuerpo
565.59; de
565.79; tránsito
566.27; femenino
566.85; para
567.39; que
567.53; cumplir
567.87; a
567.93; funciones
568.29; en
568.49; la
568.57; vía
568.75; publique
569.21; para
569.47; eso
569.71; como
569.97; cuapos
570.37; tulantes
570.81; de
571.27; entre
571.47; 20
571.77; y
572.05; 27
572.51; años
573.05; con
573.47; títulos
573.83; de
574.01; bachiller
574.29; o
574.75; maestra
575.21; de
575.63; no
575.73; menos
575.91; de
576.01; un
576.13; metro
576.33; 65
576.73; de
577.17; altura
577.47; y
578.01; óptimos
578.37; antecedentes
579.09; laborales
579.67; y
579.95; de
580.05; conducta
580.69; una
581.19; cuestión
581.45; siempre
581.83; pendiente
582.43; era
582.75; la
582.91; del
583.01; estado
583.33; de
583.55; las
583.67; estaciones
584.03; ferroviarias
584.71; y
585.21; sus
585.47; adjacencias
586.49; como
587.17; un
587.35; intento
587.71; de
587.79; solución
588.19; el
588.35; intendente
588.91; y
588.99; el
589.03; secretario
589.45; de
589.59; obras
589.75; públicas
590.35; el
590.51; arquitecto
591.13; luciano
591.57; cava
591.97; se
592.45; reunieron
592.81; con
592.99; funcionarios
593.45; del
593.61; ferrocarril
594.09; roca
594.45; y
594.81; acordaron
595.25; la
595.47; remodelación
596.21; de
596.39; la
596.47; zona
596.59; circundante
597.31; la
597.45; estación
597.77; de
597.95; monte
598.13; grande
598.49; que
598.69; consistía
599.23; en
599.33; la
599.41; construcción
599.93; de
600.11; una
600.25; terminal
600.59; de
600.81; omnibus
601.25; un
601.47; parque
601.73; infantil
602.23; y
602.45; la
602.57; apertura
603.05; de
603.17; la
603.29; barra
603.47; de
603.73; servesti
604.23; ademas
604.99; se
605.53; estudiaba
605.95; la
606.09; posibilidad
606.51; de
606.83; anular
607.05; los
607.29; pasos
607.61; a
607.79; nivel
607.99; de
608.19; rodríguez
608.75; y
608.91; de
609.03; dorrego
609.47; para
609.95; reemplazarlos
610.69; por
611.03; puentes
611.51; a
613.60; la
613.66; vez
613.78; que
613.90; se
614.00; realizaban
614.44; estas
614.70; obras
614.94; continuaba
615.44; la
615.62; remodelacion
616.18; del
616.36; policlinico
616.96; sofiate
617.50; de
617.66; santa
617.90; marina
618.34; en
618.90; el
618.98; cual
619.22; se
619.64; centralizaran
620.38; todos
620.70; los
621.02; servicios
621.32; brindados
621.80; por
622.04; los
622.18; pital
622.50; san
622.68; jose
622.94; los
623.44; medios
623.64; de
623.80; prensa
624.12; de
624.20; la
624.30; época
624.48; refieren
624.96; lo
625.12; ac
625.78; supuesto
626.34; debido
626.88; a
627.10; la
627.14; reducción
627.48; de
627.68; gastos
628.02; exigida
628.62; por
628.86; la
629.00; endebre
629.36; situación
629.66; económica
630.32; del
630.50; país
630.78; para
631.86; recaudar
632.34; fondos
632.86; el
633.36; 27
633.66; de
633.92; noviembre
634.34; de
634.50; 1976
635.20; se
636.24; realizó
636.66; el
636.76; primer
636.98; festival
637.36; de
637.56; la
637.68; moda
638.08; y
638.34; la
638.46; belleza
638.94; en
639.02; las
639.12; instalaciones
639.62; del
639.80; hotel
639.98; internacional
640.60; de
640.82; esa
641.22; con
641.64; la
641.76; conducción
642.18; de
642.44; beba
642.72; Lorena
643.16; finalmente
644.20; el
644.92; sábado
645.28; 18
645.68; de
646.04; diciembre
646.44; de
646.64; 1976
647.68; fue
648.40; inaugurado
649.12; el
649.26; nuevo
649.42; edificio
649.90; hospitalario
650.50; un
651.22; centro
651.52; asistencial
652.02; óptimo
652.48; y
652.56; digno
652.98; con
653.32; la
653.44; presencia
653.76; de
653.98; altas
654.30; autoridades
654.88; provinciales
655.66; de
655.78; militares
656.16; y
656.36; eclesiásticas
657.06; así
659.08; la
659.66; ciudad
659.86; de
660.04; monte
660.20; grande
660.60; cabecera
661.10; del
661.28; distrito
661.66; continuaba
662.20; creciendo
662.78; y
663.20; como
663.36; producto
663.76; de
664.10; este
664.26; crecimiento
664.86; el
665.38; trancito
665.80; se
665.94; hacía
666.18; cada
666.42; vez
666.62; mas
666.78; complicado
667.34; sobre
667.90; todo
668.24; teniendo
668.82; en
668.96; cuenta
669.26; que
669.44; tal
669.72; como
670.02; nos
670.30; refirieron
670.86; algunas
671.16; vecinos
671.64; y
671.88; lo
671.96; denunciaron
672.54; en
672.78; su
672.94; momento
673.20; ante
673.52; las
673.68; autoridades
674.28; los
674.82; conductores
675.30; de
675.48; vehículos
675.88; no
676.40; respetaban
676.98; los
677.16; pocos
677.52; semáforos
678.14; existentes
678.78; los
679.34; menores
679.66; conducían
680.12; los
680.32; autos
680.70; de
680.78; sus
680.92; padres
681.20; sin
681.60; tener
681.88; la
682.06; licencia
682.46; correspondiente
683.26; y
683.72; las
683.80; picadas
684.22; de
684.30; las
684.30; nocturnas
684.86; impediando
685.62; dormir
685.86; a
686.08; los
686.18; residentes
686.88; eso
687.58; si
687.82; los
688.42; frente
688.66; de
688.88; las
689.00; casas
689.28; estaban
689.60; muy
689.80; limpios
690.22; debido
690.76; a
690.96; una
691.08; invitación
691.70; de
691.86; los
691.96; representantes
692.50; del
692.72; municipio
693.32; que
693.64; solicitaron
694.26; al
694.44; ofrentista
694.94; sumarse
695.36; a
695.48; la
695.52; campaña
695.94; de
696.10; aseo
696.58; eliminando
697.36; toda
697.54; forma
697.84; de
698.00; leyendo
698.38; de
698.50; las
698.60; paredes
699.14; sobre
699.56; todo
699.82; y
699.96; especialmente
700.46; las
700.76; de
700.88; tipo
701.24; psicológico
702.50; le
703.00; hace
703.26; políticas
704.42; las
706.81; desapariciones
707.37; de
707.59; personas
708.15; se
710.85; debe
711.01; tener
711.25; en
711.37; cuenta
711.75; que
711.93; los
712.07; dos
712.23; primeros
712.69; años
712.95; del
713.21; auto
713.53; denominado
714.01; proceso
714.51; de
714.65; reorganizacion
715.47; nacional
716.05; en
716.25; el
716.33; transcur
716.67; de
716.97; 1976
717.97; y
718.47; 1977
719.81; mientras
720.65; parte
721.27; de
721.47; la
721.57; sociedad
721.93; consideraba
722.65; que
722.81; se
722.95; habia
723.11; recuperado
723.69; el
723.87; orden
724.23; y
724.53; la
724.67; seguridad
725.15; una
725.81; enorme
726.31; cantidad
726.67; de
726.89; personas
727.25; enan
727.67; señaladas
728.31; capturadas
729.05; y
729.45; desaparecidas
730.23; no
731.90; regia
732.24; las
732.40; garantías
732.76; constitucionales
733.84; y
734.10; ante
734.32; algún
734.78; indicio
735.20; de
735.30; cuestionamiento
735.86; al
736.18; régimen
736.56; en
736.92; lecturas
737.34; canciones,
738.36; peliculas,
739.06; clases
739.26; dictadas
739.68; en
739.86; colegios
740.32; o
740.62; universidades
741.40; se
741.92; podía
742.14; ingresar
742.52; en
742.66; la
742.74; categoria
743.22; de
743.36; subversivo
744.12; y
744.50; ser
744.62; objeto
744.88; de
745.12; estos
745.28; procedimientos
746.00; en
747.23; nuestro
747.49; distrito
747.93; como
748.51; en
748.69; todos
749.03; se
749.53; realizaban
750.01; operativos
750.43; de
750.63; control
750.89; de
751.05; identidad
751.47; y
751.67; revisión
752.05; de
752.19; lugares
752.45; por
752.69; parte
752.99; de
753.19; efectivos
753.65; militares
754.19; y
754.37; policiales
755.17; se
755.87; cerraba
756.21; un
756.33; perímetro
756.77; determinado
757.65; del
758.05; cual
758.23; nadie
758.67; podía
759.07; retirarse
759.65; mientras
759.95; durara
760.33; la
760.55; operacion
761.05; por
762.03; lo
762.15; general
762.55; entre
763.13; las
763.35; 7
763.61; y
764.03; las
764.13; 18
764.49; horas
764.95; por
766.03; supuesto
766.47; esta
767.11; accionar
767.35; estaba
767.73; dirigido
768.21; en
768.31; primer
768.51; término
769.05; a
769.13; la
769.21; captura
769.63; de
769.75; los
769.91; miembros
770.31; de
770.55; las
770.71; organizaciones
771.35; armadas
772.03; la
772.61; gabisa
772.95; del
773.15; arb
773.39; o
773.59; montoneros
774.15; que
774.59; seguían
775.01; actuando
775.63; pero
776.31; muchos
776.55; otros
776.83; individuos
777.63; sólo
778.15; por
778.37; adoptar
778.87; posiciones
779.33; críticas
779.93; ante
780.31; la
780.45; situación
780.83; que
781.05; se
781.19; vivia
781.65; o
782.07; por
782.23; tener
782.45; algún
782.73; vínculo
783.11; con
783.37; quien
783.51; es
783.69; la
783.77; sostenian
784.39; corrían
784.97; al
785.13; riesgo
785.39; de
785.49; ser
785.69; víctimas
786.15; de
786.41; esa
786.65; metodología
795.04; para
795.12; abrirles
795.44; y
795.58; sobre
795.78; todo
796.18; los
796.64; que
796.74; tenían
796.98; algún
797.30; tipo
797.60; de
797.74; militancia
798.20; cremial
798.68; o
798.92; cuestionaban
799.44; decisiones
800.06; arbitrarias
800.72; de
800.78; los
800.90; empresarios
801.66; en
803.59; montegrande
804.37; en
804.81; 1976
805.87; se
806.75; produjo
807.09; el
807.21; secuestro
807.67; y
807.85; la
807.97; desaparición
808.63; de
809.23; una
809.45; empleada
809.83; de
810.03; fapa
810.33; armadino
811.39; marta
812.23; Cecilia
812.67; alonso
813.13; tortajada
814.03; tambien
814.81; en
814.95; ese
815.15; año
815.43; los
815.59; tres
815.81; hermanos
816.49; torres
816.87; retamar
817.37; armando
818.23; ruperto
818.91; dardo
819.29; cesar
819.83; y
820.03; edgardo
820.41; por
820.69; lo
820.69; que
820.69; ha
820.69; sido
820.69; buena
820.69; mentura
821.21; asi
821.83; como
822.01; tambien
822.31; oscar
822.71; augustos
823.31; a
823.49; raile
823.83; lescano
824.73; y
825.11; raúl
825.45; eduardo
825.87; mandrique
826.29; vital
826.67; fueron
827.39; desaparecidos
828.31; integraba
829.45; en
829.51; la
829.57; comision
829.89; gremial
830.23; interna
830.63; de
830.79; la
830.93; química
831.43; mebo
831.83; mar
832.09; cita
833.31; en
833.55; la
833.65; calle
833.83; de
834.03; disonio
834.37; a
834.47; rollo
834.67; ortega
835.07; de
835.21; la
835.33; localidad
835.81; del
835.99; jauel
836.43; por
837.49; reclamar
838.05; por
838.19; las
838.29; condiciones
838.61; ensalubres
839.27; en
839.41; su
839.55; labor
839.77; y
839.97; mejoras
840.33; saladeles
840.69; para
840.97; ellos
841.23; y
841.51; sus
841.67; compañeros
842.31; en
842.83; un
842.93; primer
843.09; momento
843.65; recibieron
844.47; amenazas
845.09; y
845.19; finalmente
845.51; en
845.81; los
845.95; ultimos
846.35; meses
846.61; de
846.79; aquel
847.01; año
847.23; fueron
847.79; secuestrados
848.33; y
848.63; sus
848.75; familias
849.29; nunca
849.85; supieron
850.29; de
850.47; su
850.59; paradero
851.30; aunque
852.34; en
852.50; aquella
852.80; época
853.12; nadie
853.48; tenia
853.82; la
853.96; informacion
854.44; sobre
854.74; lo
854.88; que
855.00; ocurria
855.48; en
855.64; ese
855.78; primer
856.02; año
856.38; de
856.52; la
856.60; dictadura
857.10; muchas
857.90; personas
858.28; que
858.44; fueron
858.62; secuestradas
859.16; en
859.44; otras
859.62; localidades
860.32; fueron
860.98; asesinadas
861.70; en
861.92; territorio
862.34; echeberriano
862.94; maximo
864.00; augusto
864.58; al
864.92; tierno
865.18; y
865.28; piscorio
865.92; marta
866.96; graciela
867.52; albares
867.86; de
867.96; mena
868.28; miguena
868.92; gelgómez
869.50; ramíres
870.04; anamaria
870.86; perejandolfi
871.82; y
872.16; carros
872.44; daniel
872.74; saramaga
873.36; baja
873.76; otros
874.42; en
874.76; cambio
875.14; fueron
875.70; secuestrados
876.18; en
876.48; localidades
876.98; echeberrianas
877.72; y
878.16; luego
878.34; desaparecidos
879.16; Walter
879.90; Luiz
880.30; carranzan
880.84; uñes
881.24; victoria
881.96; graciela
882.76; borrel
883.06; gena
883.54; bonifacio
884.36; díaz
884.82; carros
885.34; felipe
885.74; ocho
886.00; afarnandes
886.78; y
887.08; alberto
887.44; luiz
887.74; romero
888.28; ya
889.80; entrado
890.10; el
890.22; año
890.40; 1977
891.10; la
891.72; lista
891.92; de
892.06; secuestrados
892.60; en
892.84; este
892.98; van
893.14; echeberria
893.66; se
893.86; amplio
894.24; carmelo
895.38; Pablo
895.64; de
895.82; pino
896.10; roca
896.50; en
896.80; vijillón
897.36; Jorge
897.96; alberto
898.32; iri
898.48; arte
898.68; ruiz
899.10; aldo
899.76; roberto
900.38; gajogandula
901.32; liiana
902.02; a
902.28; descochimano
903.26; miranda
903.92; montegrande
905.20; miguel
905.54; ángel
905.94; oyos
906.32; guardo
906.82; oscar
907.28; alberto
907.82; perez
908.28; martines
908.84; Eduardo
909.58; rodinski
910.18; exaisa
911.20; guillermo
911.84; Leonardo
912.14; pajez
912.76; la
912.92; raja
913.18; perini
913.68; nelida
914.48; susenas
914.92; osach
915.34; llaves
915.66; y
916.02; los
916.14; con
916.34; sujes
916.68; matilde
917.50; pesamois
918.38; y
918.62; jacobo
919.18; stolman
919.90; bornic
920.36; aeroporto
921.06; internacional
921.50; de
921.74; seiza
922.30; consta
923.12; que
923.52; fueron
923.76; asesinados
924.40; en
924.62; nuestra
924.90; jurisdicción
925.46; en
925.96; ese
926.12; mismo
926.44; año
926.78; eduardo
927.30; ugeño
927.80; y
928.02; la
928.14; bedra
928.42; pintos
928.88; transradio
929.66; y
930.02; extorjes
930.40; sus
930.72; ferraidos
931.18; tabuas
931.74; montegrande
933.68; por
933.98; ultimo
934.38; el
934.86; otro
935.02; caso
935.16; escalofriante
935.82; para
936.12; la
936.28; asociada
936.64; de
936.76; cheberriana
937.30; fue
937.90; el
938.02; del
938.14; soldado
938.52; conscripto
939.10; juan
939.32; José
939.62; la
939.76; salle
940.16; el
940.76; joven
941.02; de
941.18; 18
941.50; años
942.02; descendiente
942.80; de
943.00; una
943.32; de
943.42; las
943.56; antiguas
944.12; familias
944.64; de
944.72; la
944.84; localidad
945.26; de
945.42; montegrande
946.32; mientras
946.64; cumplía
947.08; el
947.18; servicio
947.48; militar
947.92; cuando
948.68; le
948.90; tocaba
949.24; regresar
949.68; a
949.88; su
950.02; hogar
950.30; les
950.52; confia
950.82; a
950.92; sus
951.10; familiares
951.80; que
952.10; no
952.18; estaba
952.42; de
952.54; acuerdo
952.72; con
953.02; algunas
953.40; de
953.62; las
953.74; actividades
954.26; que
954.54; lo
954.64; obligaban
955.04; a
955.16; cumplir
963.68; de
963.80; 17
963.80; desde
965.20; el
965.38; dia
965.46; 11
965.70; de
965.90; mayo
966.18; en
966.44; que
966.54; supuestamente
967.06; volvía
967.50; al
967.62; quartel
968.06; nada
968.66; mas
968.92; se
969.18; supo
969.44; de
969.58; él
969.84; otros
970.48; tres
970.70; compañeros
971.16; corrieron
971.54; la
971.68; misma
971.88; suerte
972.34; el
973.02; ejército
973.34; les
973.52; comunico
973.98; a
974.12; sus
974.26; a
974.46; llegados
974.82; que
975.00; desconocía
975.56; su
975.74; paradero
976.28; hoy
977.08; su
977.20; familia
977.60; lo
978.24; considera
978.82; un
978.98; desaparecido
979.96; la
980.44; masacre
980.86; de
981.02; montegrande
982.26; tambien
982.52; hace
982.74; a
982.84; mayo
983.00; de
983.16; 1977
983.84; mas
984.70; precisamente
985.22; en
985.50; la
985.56; madrugada
986.00; del
986.24; dia
986.40; veinticuatro
987.04; a
987.20; la
987.26; altura
987.60; de
987.84; burebar
988.18; buenos
988.48; aires
988.82; al
989.06; mil
989.20; cien
989.60; se
990.10; produjo
990.46; lo
990.58; que
990.70; soria
990.98; llamarse
991.44; en
991.54; los
991.64; diarios
991.92; de
992.08; la
992.18; epoca
992.54; un
992.68; enfrentamiento
993.22; entre
993.54; fuerzas
993.88; de
994.04; seguridad
994.44; y
994.66; elementos
994.94; subversivos
995.66; en
996.20; el
996.32; cual
996.52; estos
996.86; ultimos
997.36; habrian
997.86; sido
998.14; abatidos
1014.86; las
1015.44; víctimas
1015.84; habían
1016.42; sido
1016.70; secuestradas
1017.16; por
1017.40; fuerzas
1017.70; armadas
1018.08; y
1018.28; de
1018.36; seguridad
1018.82; y
1019.18; recluidas
1019.76; en
1020.32; el
1020.42; centro
1020.66; clandestino
1021.20; de
1021.40; detencion
1021.90; tortura
1022.38; y
1022.52; exterminio
1023.06; el
1023.14; besuvio
1023.66; la
1024.16; noche
1024.34; del
1024.50; 23
1024.84; de
1025.06; mayo
1025.24; de
1025.42; 1977
1026.14; fueron
1027.06; liberados
1028.02; en
1028.40; nuestra
1028.64; localidad
1029.30; para
1029.84; ser
1030.06; materialmente
1030.98; ejecutados
1031.84; fueron
1032.56; ellos
1032.94; este
1033.56; vanandreani
1034.28; julian
1034.94; Bernat
1035.48; María
1035.98; Cristina
1036.36; Bernat
1036.86; dan
1037.30; el
1037.44; chufo
1038.02; Luis
1038.40; de
1038.56; Cristófaro
1039.18; Luis
1039.66; Fabri
1040.10; Nero
1041.10; Gasparini
1041.66; Luis
1042.20; María
1042.60; gemetro
1043.24; Claudio
1043.96; John
1044.30; Binney
1044.82; Rodolfo
1045.54; Goldin
1045.92; Miguel
1046.60; Arazxim
1049.31; Miguel
1050.35; Arazimib
1051.49; El
1052.11; Isabel
1052.37; Giazaman
1053.17; Catalina
1054.19; Oviedo
1054.53; Marius
1055.31; Groey
1055.75; y
1056.19; otras
1056.35; dos
1056.59; mujeres
1056.93; que
1057.37; no
1057.49; pudieron
1057.83; ser
1058.19; identificadas
1063.31; los
1064.25; vecinos
1064.59; solo
1064.81; supieron
1065.17; que
1065.39; hubo
1065.49; un
1065.65; tiroteo
1066.29; y
1066.77; nadie
1066.91; quiso
1067.27; averiguar
1067.71; nada
1067.89; mas
1068.19; en
1068.85; realidad
1069.25; fue
1069.91; lo
1070.03; que
1070.19; hoy
1070.29; se
1070.41; conoce
1070.83; como
1071.21; la
1071.55; masacre
1072.01; de
1072.15; montegrande
1075.57; el
1075.71; año
1075.85; 1977
1076.53; se
1077.19; presentaba
1077.65; como
1077.87; un
1077.99; año
1078.15; duro
1078.47; al
1078.67; decir
1078.91; de
1079.09; nuestro
1079.33; intentente
1079.95; y
1080.09; fue
1080.17; por
1080.39; ello
1080.71; que
1080.97; para
1081.23; remosar
1081.69; los
1081.83; espacios
1082.21; públicos
1082.71; y
1082.87; hacer
1083.07; de
1083.25; este
1083.41; vanachéberria
1084.03; el
1084.25; municipio
1084.73; mas
1084.87; limpio
1085.33; tomo
1085.93; la
1086.03; decisión
1086.39; de
1086.53; aumentar
1086.77; las
1086.97; tasas
1087.25; distritales
1087.93; en
1088.27; un
1088.35; 150
1088.93; por
1089.15; ciento
1089.59; tal
1090.15; como
1090.37; lo
1090.49; anunció
1090.87; en
1090.97; una
1091.09; rueda
1091.31; de
1091.45; prensa
1091.89; durante
1092.37; el
1092.57; mes
1092.67; de
1092.79; febrero
1106.55; pero
1107.15; para
1107.75; aliviar
1108.15; en
1108.31; algo
1108.55; el
1108.89; bolsillo
1109.01; de
1109.21; los
1109.33; vecinos
1109.77; ya
1110.11; de
1110.27; por
1110.43; sí
1110.59; castigados
1111.11; por
1111.29; reinflacion
1111.81; se
1112.37; adiriva
1112.69; a
1112.77; los
1112.85; convenios
1113.27; suscriptos
1113.77; por
1113.93; medios
1114.11; intendentes
1114.79; del
1114.99; con
1115.13; urbano
1115.49; por
1115.71; los
1115.85; cuales
1116.15; los
1116.65; productores
1117.31; de
1117.45; alimentos
1117.73; presederos
1118.47; venderian
1119.21; a
1119.31; bajo
1119.49; precio
1119.79; su
1120.03; marca
1120.25; de
1120.41; rías
1120.75; en
1121.17; las
1121.31; ferias
1121.61; francas
1122.07; el
1123.55; mes
1123.65; de
1123.75; septiembre
1124.23; de
1124.45; ese
1124.59; año
1124.75; difícil
1125.17; encontró
1125.57; afabrejotti
1126.29; en
1126.75; un
1126.81; nuevo
1126.99; cargo
1127.55; el
1128.05; general
1128.35; videla
1128.77; a
1128.91; cargo
1129.11; del
1129.25; ejecutivo
1129.71; nacional
1130.15; lo
1130.67; designó
1131.07; gobernador
1131.63; de
1131.81; la
1131.89; provincia
1132.29; de
1132.39; santa
1132.61; cruz
1133.05; por
1133.45; lo
1133.57; que
1133.71; interinamente
1134.27; se
1134.59; hizo
1134.77; cargo
1135.05; de
1135.21; la
1135.29; intendencia
1135.81; de
1135.93; este
1136.09; vanachéberria
1136.77; el
1137.33; vicecomodoro
1137.97; retirado
1138.55; raúl
1138.89; barcala
1139.41; a
1140.09; los
1140.19; pocos
1140.51; días
1140.79; en
1141.29; lombramiento
1141.71; efectivo
1142.37; del
1142.57; cargo
1142.91; recallone
1143.47; capitán
1143.97; carlos
1144.31; alesina
1145.01; una
1145.65; de
1145.75; las
1145.87; primeras
1146.19; obras
1146.51; de
1146.67; gobierno
1146.91; del
1147.19; flamante
1147.55; intendente
1148.13; fue
1148.33; la
1148.47; inauguracion
1149.03; de
1149.21; la
1149.33; casa
1149.55; de
1149.69; la
1149.79; cultura
1150.11; en
1150.27; dependencia
1150.77; del
1150.95; ex
1151.11; hospital
1151.33; san
1151.63; jose
1151.89; junto
1152.59; con
1152.79; el
1152.91; tercer
1153.15; salón
1153.59; de
1153.71; artes
1153.95; plásticas
1154.35; de
1154.53; este
1154.69; vanachéberria
1155.43; el
1156.23; acto
1156.43; alcanzó
1156.75; gran
1156.95; lucimiento
1157.37; opacado
1158.13; por
1158.33; el
1158.45; hecho
1158.63; de
1158.77; que
1158.91; habiendo
1159.17; pasado
1159.45; un
1159.69; mes
1159.83; y
1160.25; siendo
1160.49; citados
1160.91; en
1161.19; reiteradas
1161.59; oportunidades
1162.53; los
1163.11; ganadores
1163.61; del
1163.79; certamen
1164.15; cultural
1164.59; aún
1165.37; no
1165.57; habían
1165.79; podido
1166.19; cobrar
1166.45; sus
1166.67; premios
1167.42; los
1168.38; casi
1168.66; dos
1168.86; años
1169.12; de
1169.26; gobierno
1169.50; comunal
1169.98; del
1170.12; capitán
1170.58; alesina
1171.16; no
1171.60; fueron
1171.80; sencillos
1172.56; y
1172.90; los
1173.02; medios
1173.20; de
1173.34; prensa
1173.64; locales
1174.06; dan
1174.18; cuenta
1174.34; de
1174.60; varios
1174.90; asuntos
1175.48; conflictivos
1176.10; podemos
1176.90; mencionar
1177.46; las
1177.90; reiteradas
1178.58; queja
1178.90; de
1178.98; los
1179.10; vecinos
1179.50; por
1179.68; el
1179.80; lamentable
1180.26; estado
1180.48; de
1180.70; abandono
1181.04; de
1181.18; las
1181.30; calles
1181.74; la
1182.22; basura
1182.56; acumulada
1183.20; y
1183.64; la
1183.72; falta
1183.90; de
1184.10; mantenimiento
1184.56; de
1184.78; las
1184.90; plazas
1185.28; ante
1186.14; estos
1186.34; reclamos
1186.78; el
1187.40; director
1187.64; de
1187.84; servicios
1188.14; argumentaba
1188.88; la
1189.06; carencia
1189.40; de
1189.52; personal
1189.84; y
1190.04; de
1190.14; materiales
1190.76; para
1190.96; realizar
1191.44; los
1191.64; trabajos
1192.18; que
1192.40; le
1192.52; correspondían
1193.86; otra
1194.88; queja
1195.18; provino
1195.64; de
1195.82; los
1195.94; ferianques
1196.38; de
1196.52; bicentelópes
1197.14; y
1197.40; petrazini
1197.98; quienes
1198.64; a
1199.00; mediados
1199.38; de
1199.52; marzo
1199.82; de
1199.98; 1978
1200.84; fueron
1201.92; expulsados
1202.68; del
1202.94; prédio
1203.38; en
1204.08; señal
1204.38; de
1204.46; protesta
1204.92; estos
1205.46; comerciantes
1206.00; recorrieron
1206.62; el
1206.82; centro
1207.14; de
1207.30; la
1207.40; ciudad
1207.62; con
1207.88; sus
1208.02; puestos
1208.38; rodantes
1208.82; estacionándolos
1210.04; en
1210.22; la
1210.32; puerta
1210.56; de
1210.78; la
1210.90; sede
1211.10; de
1211.28; gobierno
1211.68; para
1212.96; destrabar
1213.34; el
1213.50; conflicto
1214.12; alesina
1214.80; los
1214.96; mando
1215.32; a
1215.42; los
1215.58; terrenos
1216.02; ubicados
1216.46; en
1216.76; arana
1217.22; entre
1217.92; origono
1218.40; y
1218.62; amat
1218.92; lugar
1219.54; poco
1219.96; apto
1220.30; por
1220.48; carecer
1220.84; de
1221.02; electricidad
1221.62; agua
1222.08; y
1222.24; asfalto
1222.80; los
1223.56; trámites
1224.00; para
1224.30; la
1224.46; sesión
1224.76; de
1224.92; un
1225.00; prédio
1225.32; por
1225.50; parte
1225.82; de
1225.94; las
1226.10; autoridades
1226.60; del
1226.84; ferrocarrer
1227.22; roca
1227.64; estaban
1228.36; congelados
1230.73; también
1231.83; la
1232.01; sociedad
1232.29; de
1232.51; bomberos
1232.85; voluntarios
1233.35; debe
1233.59; enfrentarse
1234.21; a
1234.39; las
1234.53; autoridades
1235.03; municipales
1235.73; cuando
1236.27; estas
1236.69; le
1237.17; impusieron
1237.57; una
1237.91; avultada
1238.35; multa
1238.79; por
1238.95; haber
1239.11; realizado
1239.73; una
1240.03; rifa
1240.55; que
1241.01; a
1241.09; priori
1241.57; no
1241.97; se
1242.13; había
1242.33; atenido
1242.85; a
1242.91; las
1243.03; pautas
1243.35; del
1243.53; decreto
1243.89; mil
1244.09; cuatrocientos
1244.77; ochenta
1245.23; y
1245.39; cuatro
1245.53; barra
1246.05; setenta
1246.35; y
1246.55; siete
1246.85; del
1247.33; superior
1247.63; gobierno
1248.27; de
1248.47; la
1248.57; provincia
1248.95; de
1249.07; buenos
1249.27; aires
1249.65; ademas
1250.39; de
1250.95; inabilitarla
1251.77; por
1252.11; tres
1252.35; años
1252.61; para
1252.83; organizar
1253.41; eventos
1260.53; con
1261.25; poco
1261.43; a
1261.61; una
1261.75; asamblea
1262.21; de
1262.33; sociedades
1262.77; de
1262.91; fomento
1263.29; para
1263.53; conocer
1263.85; las
1264.09; inquietudes
1264.79; de
1265.21; las
1265.43; organizaciones
1266.11; vecinales
1266.99; dentro
1267.51; de
1267.73; una
1267.91; realidad
1268.33; que
1268.55; cuartaba
1269.11; la
1269.25; participacion
1269.97; popular
1270.41; en
1270.75; los
1270.85; ámbitos
1271.23; políticos
1271.73; y
1271.83; laboral
1273.59; producto
1274.15; de
1274.21; esta
1274.41; asamblea
1274.93; se
1275.15; levó
1275.35; una
1275.55; nota
1275.79; al
1275.97; gobernador
1276.39; solicitando
1277.01; subsidio
1277.61; para
1277.85; al
1278.05; policlinico
1278.59; municipal
1279.13; en
1279.75; el
1279.85; sánchez
1280.17; de
1280.31; la
1280.39; ruta
1280.63; 205
1281.47; la
1282.03; restitución
1282.59; de
1282.71; la
1282.81; oficina
1283.23; del
1283.39; registro
1283.81; civil
1284.09; en
1284.41; la
1284.51; ciudad
1284.73; de
1284.97; seiza
1285.47; la
1286.03; realizacion
1286.55; de
1286.69; las
1286.81; falto
1287.21; en
1287.43; fair
1287.71; valete
1288.19; y
1288.73; de
1288.81; un
1288.95; puente
1289.31; sobre
1289.73; la
1289.91; avenida
1290.19; brusone
1290.71; la
1291.47; facilitacion
1292.07; de
1292.23; maquinaria
1297.09; y
1297.97; el
1298.07; tragado
1298.41; de
1298.57; los
1298.69; arrosos
1299.13; gimones
1299.61; y
1299.95; ortega
1300.41; entre
1300.75; otros
1301.05; pedidos
1301.49; podemos
1302.53; concluir
1303.11; que
1303.57; las
1303.81; cuestiones
1304.23; pendientes
1304.81; en
1305.01; nuestro
1305.29; distrito
1305.79; eran
1306.27; muchas
1306.71; algunas
1307.67; mas
1308.21; urgentes
1308.77; que
1308.89; otras
1309.15; pero
1309.77; todas
1310.23; indeligables
1311.41; para
1311.77; el
1311.95; bienestar
1312.33; de
1312.51; la
1312.61; población
1313.09; para
1314.05; mejorar
1314.33; estas
1314.59; condiciones
1314.91; de
1315.15; vidas
1315.45; ya
1315.65; de
1315.77; por
1315.93; si
1316.09; deterioradas
1316.85; por
1317.15; la
1317.37; disgencia
1317.87; de
1318.01; un
1318.13; régimen
1318.47; antidemocrático
1319.55; en
1320.19; junio
1320.57; de
1320.75; 1978
1321.57; se
1322.27; inauguró
1322.79; una
1322.99; escuela
1323.23; industrial
1323.79; en
1324.03; transradio
1324.67; la
1325.29; casa
1325.57; colping
1326.09; dependiente
1327.01; del
1327.19; conicet
1327.75; fue
1328.47; construida
1328.97; en
1329.05; un
1329.17; tiempo
1329.29; récord
1329.83; en
1330.09; 60
1330.39; días
1330.83; con
1331.37; elementos
1331.91; industrializados
1333.29; en
1333.99; dos
1334.11; cuerpos
1334.53; diseñados
1335.11; por
1335.33; el
1335.45; arquitecto
1335.95; cava
1336.31; y
1336.69; a
1336.77; cargo
1336.97; de
1337.11; la
1337.19; empresa
1337.55; perfil
1338.15; sur
1338.45; el
1339.41; principal
1339.67; objetivo
1340.09; institucional
1340.75; fue
1341.09; la
1341.31; formacion
1341.75; de
1341.93; técnicos
1342.45; entre
1343.21; los
1343.51; adolescentes
1344.23; del
1344.33; barrio
1344.71; para
1345.23; que
1345.35; pudieran
1345.69; obtener
1346.27; una
1346.57; ocupacion
1347.09; digna
1347.55; en
1347.95; las
1348.05; empresas
1348.41; instaladas
1349.17; en
1349.47; la
1349.57; zona
1352.14; una
1353.02; comunidad
1353.40; que
1353.66; tambien
1353.96; se
1354.10; ocupaba
1354.46; de
1354.58; los
1354.68; problemas
1355.00; cotidianos
1355.70; era
1355.96; la
1356.08; de
1356.20; seiza
1356.64; es
1357.28; asi
1357.54; que
1358.14; algunos
1358.36; de
1358.54; sus
1358.68; vecinos
1359.14; mas
1359.52; representativos
1360.34; fundaron
1361.16; en
1361.38; septiembre
1361.86; del
1362.12; mismo
1362.40; año
1362.68; la
1362.92; asipe
1363.58; asociacion
1364.54; de
1364.72; comerciantes
1365.22; industrializ
1365.86; y
1365.92; profesionales
1366.56; de
1366.66; seiza
1367.20; con
1367.66; la
1367.82; finalidad
1368.36; de
1368.52; alentar
1368.82; actividades
1369.32; benéficas
1370.00; y
1370.34; realizar
1370.70; obras
1370.98; de
1371.18; infraestructura
1383.64; luchadores
1384.16; de
1384.34; titanes
1384.64; en
1384.84; arren
1385.10; entre
1385.62; otras
1385.90; figuras
1386.38; otra
1387.04; de
1387.28; las
1387.42; atracciones
1387.92; prometidas
1388.48; fue
1388.70; la
1388.84; eleccion
1389.14; de
1389.28; la
1389.38; reina
1389.68; del
1389.86; carnaval
1390.40; mencion
1391.38; que
1391.64; recayo
1392.02; en
1392.12; las
1392.20; señoritas
1392.68; silbina
1393.12; dragone
1393.58; modelo
1394.34; de
1394.52; reconocida
1395.00; trasectoria
1395.72; residente
1396.46; de
1396.52; la
1396.62; ciudad
1396.86; organizadora
1397.62; del
1397.86; evento
1398.76; pero
1399.80; la
1400.08; asipe
1400.48; no
1401.10; se
1401.22; ocupaba
1401.60; solamente
1401.98; del
1402.24; esparcimiento
1402.76; popular
1403.30; unos
1404.00; meses
1404.30; mas
1404.52; tarde
1404.92; sus
1405.42; autoridades
1405.90; enviaron
1406.44; una
1406.76; nota
1406.96; el
1407.10; director
1407.36; de
1407.56; realidad
1407.90; nacional
1408.36; dando
1408.62; cuenta
1408.92; del
1409.26; lamentable
1409.80; estado
1410.06; de
1410.24; la
1410.34; ruta
1410.54; 205
1411.42; en
1411.62; el
1411.68; tramo
1411.98; de
1412.12; seiza
1412.40; cañuelas
1413.02; textualmente
1414.04; se
1414.46; mencionaba
1415.00; carpetas
1415.56; faltica
1416.00; por
1416.22; demas
1416.46; lastada
1416.98; baches
1417.66; de
1417.82; todo
1417.98; tipo
1418.44; indulaciones
1419.24; propias
1419.78; por
1420.02; falta
1420.28; de
1420.44; mantenimiento
1421.14; a
1421.62; ausencia
1421.90; de
1422.20; darsena
1422.66; cunetas
1423.36; muy
1423.82; pronunciadas
1424.64; quien
1427.59; que
1427.91; haya
1428.01; transitado
1428.61; por
1428.79; la
1428.89; 205
1429.61; por
1429.83; aquel
1430.07; entonces
1430.47; no
1430.71; sufrió
1430.99; las
1431.13; consecuencias
1431.73; de
1431.85; esa
1432.01; situación
1432.53; un
1433.35; asunto
1433.57; pendiente
1434.05; que
1434.27; comenzó
1434.73; a
1434.83; ser
1434.99; resuelto
1435.41; durante
1435.65; esta
1436.07; etapa
1436.45; fue
1436.75; la
1436.87; construccion
1437.37; del
1437.51; nuevo
1437.71; edificio
1438.21; municipal
1438.73; en
1439.57; cuño
1439.83; de
1439.97; 1978
1440.67; en
1441.39; medio
1441.61; de
1441.77; la
1441.89; uforia
1442.29; por
1442.51; la
1442.69; realizacion
1443.19; del
1443.37; mundial
1443.61; de
1443.75; futbol
1444.13; se
1444.67; llamó
1444.93; a
1444.99; licitacion
1445.41; publica
1445.89; para
1446.05; iniciar
1446.47; la
1446.63; obra
1446.83; en
1446.95; un
1447.03; plazo
1447.27; de
1447.41; 90
1447.65; días
1448.09; a
1448.55; través
1448.75; de
1448.89; un
1448.99; préstamo
1449.39; de
1449.53; 300
1449.89; millones
1450.23; de
1450.43; pesos
1450.71; otorgados
1451.63; por
1451.81; el
1451.95; banco
1452.17; de
1452.33; la
1452.41; provincia
1452.77; de
1452.91; Buenos
1453.09; Aires
1453.49; la
1455.32; empresa
1455.54; que
1455.78; presentó
1456.18; la
1456.28; mejor
1456.48; propuesta
1457.00; a
1457.16; criterio
1457.52; de
1457.60; las
1457.74; autoridades
1458.16; comunales
1458.80; fue
1459.38; pbp
1460.18; coïmbra
1460.86; srl
1461.62; malosetti
1462.26; con
1462.72; un
1462.82; presupuesto
1463.44; de
1463.90; 276
1464.96; millones
1465.38; 990
1466.32; mil
1466.62; 553
1468.10; pesos
1468.54; la
1470.20; piedra
1470.42; fundamental
1470.86; fue
1471.10; colocada
1471.44; al
1471.54; 27
1471.80; de
1472.10; septiembre
1472.50; del
1472.68; mismo
1472.96; año
1473.42; a
1474.10; pesar
1474.26; de
1474.52; ello
1474.76; por
1474.92; motivos
1475.30; económicos
1475.88; la
1476.08; obra
1476.24; se
1476.42; suspendio
1476.90; lo
1477.78; cual
1478.08; genera
1478.70; una
1478.84; gravisima
1479.34; crisis
1479.64; en
1479.88; el
1479.94; guavinete
1480.36; municipal
1481.70; en
1482.34; abril
1482.52; de
1482.68; 1979
1483.30; renunció
1484.10; el
1484.26; secretario
1484.58; de
1484.72; gobierno
1485.04; doctor
1485.70; Hernán
1486.30; Matieu
1486.92; ijo
1487.44; por
1488.04; disentir
1488.60; con
1488.74; la
1488.82; firma
1489.10; de
1489.22; un
1489.30; decreto
1489.66; municipal
1490.10; que
1490.32; le
1490.40; otorgaba
1490.84; un
1491.02; grupo
1491.20; de
1491.40; profesionales
1492.22; la
1492.54; confeccion
1492.92; de
1493.06; un
1493.14; nuevo
1493.34; proyecto
1493.72; para
1494.10; la
1494.22; construccion
1494.66; del
1494.84; edificio
1495.28; comunal
1495.98; por
1496.18; una
1496.32; cifra
1496.66; muy
1496.98; superior
1497.48; a
1497.72; la
1497.82; licitada
1498.87; en
1499.79; solidaridad
1500.37; comatiu
1500.93; el
1501.69; sexto
1501.97; secretario
1502.39; de
1502.53; gobierno
1502.79; en
1503.19; 19
1503.51; meses
1503.87; de
1504.03; gobierno
1504.31; de
1504.55; alesina
1505.01; tambien
1505.71; renunció
1506.43; el
1506.93; coordinador
1507.43; de
1507.59; prenses
1507.93; relaciones
1508.43; publicas
1508.93; licenciado
1509.47; a
1509.47; José
1509.81; felix
1510.23; vija
1510.67; abril
1510.97; en
1511.91; parte
1512.29; por
1512.79; el
1512.93; desgaste
1513.25; sufrido
1513.69; por
1513.85; la
1513.97; gestion
1514.31; y
1514.41; en
1514.49; parte
1514.83; por
1515.05; la
1515.21; renovacion
1515.65; impulsada
1516.17; por
1516.47; la
1516.65; administracion
1517.19; provincial
1517.61; que
1518.33; alentaba
1518.71; el
1518.83; nombramiento
1519.29; de
1519.47; profesionales
1520.11; destacados
1520.59; en
1520.77; el
1520.87; departamento
1521.35; ejecutivo
1522.03; de
1522.17; cada
1522.39; distrito
1522.89; el
1523.43; 26
1523.73; de
1523.97; octubre
1524.33; el
1524.57; capitano
1524.95; alesina
1525.45; renunció
1526.15; a
1526.33; su
1526.43; cargo
1526.77; los
1529.02; años
1529.20; 78
1529.62; y
1529.98; 79
1530.32; estuvieron
1530.92; signados
1531.30; por
1531.48; la
1531.62; tension
1532.00; generada
1534.29; raíz
1536.73; del
1539.97; conflicto
1540.45; entre
1540.61; nuestro
1540.87; país
1541.17; y
1541.35; chile
1541.61; por
1541.81; la
1541.93; soberanía
1542.43; en
1542.57; el
1542.69; canal
1542.85; de
1543.07; beagle
1543.39; y
1543.61; las
1543.79; islas
1544.11; lenox
1544.73; picton
1545.17; y
1545.43; nueva
1545.75; era
1546.69; bastante
1547.01; común
1547.33; ver
1547.57; pasar
1547.87; los
1548.05; convoyes
1548.45; militares
1548.87; que
1548.97; utilizaban
1549.41; el
1549.57; tendido
1549.93; de
1550.07; las
1550.19; vías
1550.37; del
1550.55; ferrocarril
1550.99; roca
1551.35; cargados
1552.03; contropas
1552.57; y
1552.69; pertrechos
1553.15; destinados
1553.67; a
1553.81; la
1553.87; frontera
1554.15; patagonica
1554.91; como
1555.65; así
1555.85; tambien
1556.21; la
1556.67; realizacion
1557.17; de
1557.29; operativos
1557.71; de
1557.89; oscurecimiento
1558.43; en
1558.69; la
1558.77; zona
1558.91; del
1559.19; aeropuerto
1559.81; y
1560.09; sus
1560.37; adjacencias
1561.19; barrio
1561.79; uno
1562.11; siglo
1562.75; 20
1563.11; es
1563.57; jauel
1563.87; altos
1564.61; de
1564.69; monte
1564.83; grande
1565.33; José
1565.85; maria
1566.23; eza
1566.45; eza
1569.66; estas
1570.70; operaciones
1571.24; hacían
1571.76; para
1571.94; conscientizar
1572.56; la
1572.74; población
1573.10; frente
1573.48; a
1573.66; un
1574.02; eventual
1574.02; ataque
1574.28; aéreo
1574.78; de
1575.48; la
1575.56; misma
1575.76; manera
1576.08; se
1576.26; realizaban
1576.72; simulacros
1577.26; de
1577.38; incendio
1577.82; en
1577.94; la
1577.98; estacion
1578.22; de
1578.42; eza
1578.70; en
1579.22; los
1579.32; cuales
1579.54; se
1579.72; habían
1579.92; afectados
1580.46; en
1580.70; el
1580.70; hospital
1580.92; nacional
1581.32; de
1581.54; eza
1581.90; el
1582.34; policlinico
1582.90; santa
1583.12; marina
1583.56; y
1583.96; la
1584.04; unidad
1584.28; sanitaria
1584.90; ocho
1585.74; en
1586.44; el
1586.54; marco
1586.86; del
1587.00; mismo
1587.16; conflicto
1587.72; las
1588.22; autoridades
1588.82; comunales
1589.34; hecheberianas
1590.04; se
1590.20; dieron
1590.50; siete
1590.90; camiones
1591.30; al
1591.48; regimiento
1591.84; tres
1592.30; de
1592.64; infantería
1593.16; de
1593.28; la
1593.38; tablada
1593.86; los
1594.30; que
1594.42; fueron
1594.60; llevados
1594.94; al
1595.22; sur
1595.38; y
1595.60; de
1595.68; vueltos
1596.00; luego
1596.22; de
1596.42; la
1596.52; mediacion
1596.90; papal
1597.83; como
1598.81; detalle
1599.11; de
1599.27; color
1599.53; y
1599.81; para
1600.03; distender
1600.33; el
1600.53; clima
1600.87; mencionaremos
1601.71; un
1601.95; episodio
1602.37; que
1602.53; llevó
1602.79; alegría
1603.19; a
1603.33; la
1603.35; comunidad
1603.77; de
1603.95; cheberria
1604.49; a
1605.31; mediados
1605.63; de
1605.77; septiembre
1606.19; de
1606.37; 1979
1607.25; la
1608.09; familia
1608.33; verón
1608.77; un
1609.09; mil
1609.25; de
1609.39; vecinos
1609.73; de
1609.87; barrio
1610.11; lindo
1610.39; formada
1610.79; por
1611.09; evaristo
1611.59; estélica
1612.07; torce
1612.59; hijos
1612.89; fue
1613.61; una
1614.07; de
1614.45; los
1614.59; tres
1614.79; ganadores
1615.13; del
1615.41; prove
1615.63; haciéndose
1616.57; acredora
1616.97; de
1617.17; algo
1617.31; mas
1617.49; de
1617.57; 426
1618.49; millones
1618.83; de
1619.03; pesos
1619.33; la
1620.09; boleta
1620.45; se
1620.97; confeccionó
1621.47; en
1621.57; la
1621.63; agencia
1621.89; de
1622.05; avenida
1622.31; uriburum
1622.85; 1647
1627.83; por
1627.97; el
1628.07; producto
1628.07; de
1628.37; un
1628.53; error
1628.75; el
1629.45; agencia
1629.69; lo
1629.91; admitió
1630.35; que
1630.81; se
1630.95; había
1631.09; equivocado
1631.59; en
1631.75; la
1631.83; confeccion
1632.25; de
1632.37; la
1632.45; boleta
1632.87; que
1633.25; se
1633.35; realizaba
1633.77; a
1633.87; través
1634.11; de
1634.29; un
1634.41; sistema
1634.67; de
1634.89; tarjetas
1635.33; perforadas
1635.87; en
1636.27; uno
1636.45; de
1636.55; los
1636.69; partidos
1637.15; las
1637.77; nuevas
1638.01; caras
1638.37; del
1638.53; proceso
1639.23; los
1639.87; argentinos
1640.43; en
1640.61; general
1640.97; y
1641.25; los
1641.37; hecheberianos
1641.97; en
1642.09; particular
1642.61; ya
1642.97; nos
1643.17; asimilabamos
1643.99; como
1644.23; parte
1644.53; de
1644.71; una
1644.85; sociedad
1645.21; que
1645.49; no
1645.61; discutia
1646.13; el
1646.23; origen
1646.55; del
1646.69; poder
1646.93; que
1647.09; la
1647.19; gobernaba
1647.89; en
1648.49; el
1648.61; ámbito
1648.85; nacional
1649.19; se
1649.39; sentía
1649.69; el
1649.83; alivio
1650.13; de
1650.25; no
1650.33; haber
1650.51; llegado
1650.83; a
1650.95; la
1650.99; confrontación
1651.53; velica
1651.87; con
1652.07; chile
1652.39; gracias
1653.25; a
1653.71; la
1653.79; intervención
1654.23; papal
1654.67; y
1654.81; a
1654.85; su
1654.95; enviado
1655.25; especial
1655.61; al
1655.79; cardinal
1656.15; samore
1656.59; se
1657.17; vien
1657.33; iniciado
1657.85; las
1657.99; negociaciones
1658.49; de
1658.67; paz
1658.83; por
1659.03; la
1659.13; zona
1659.31; del
1659.49; canal
1659.71; de
1659.91; begl
1660.17; la
1661.25; conducción
1661.59; política
1661.87; y
1662.13; económica
1662.57; del
1662.71; gobierno
1662.89; militar
1663.27; regenteada
1663.91; por
1664.09; martines
1664.45; de
1664.63; os
1664.79; sumía
1665.57; a
1665.67; la
1665.71; argentina
1666.13; en
1666.23; una
1666.37; profunda
1666.69; crisis
1667.11; pero
1668.01; después
1668.57; de
1668.73; varios
1668.97; años
1669.17; de
1669.31; persecución
1669.85; acallamiento
1670.39; y
1670.59; desaparición
1671.09; forzada
1671.51; de
1671.65; personas
1672.19; pocas
1672.79; eran
1672.95; las
1673.13; voces
1673.41; que
1673.53; se
1673.65; animaban
1674.07; a
1674.51; hacer
1674.69; públicas
1675.17; oscriticas
1677.50; por
1678.44; otra
1678.64; parte
1679.00; los
1679.52; jerarcas
1680.00; del
1680.18; proceso
1680.54; habían
1680.82; instalado
1681.32; su
1681.50; discurso
1681.88; de
1682.02; pacificación
1682.60; y
1682.86; unidad
1683.10; nacional
1683.60; frente
1684.22; a
1684.38; los
1684.48; cuestionamientos
1685.02; que
1685.34; desde
1685.50; el
1685.72; exterior
1686.10; hablaban
1686.50; de
1686.62; violaciones
1687.02; a
1687.22; los
1687.34; derechos
1687.50; humanos
1687.92; en
1688.24; nuestro
1688.52; país
1689.46; el
1689.78; aparato
1690.16; de
1690.24; propagando
1690.76; del
1690.90; gobierno
1691.14; militar
1691.58; difundía
1692.18; profusamente
1692.78; les
1693.06; logan
1693.36; de
1693.50; que
1693.60; los
1693.76; argentinos
1694.40; somos
1695.00; derechos
1695.36; humanos
1695.88; en
1697.15; este
1697.29; discurso
1697.69; anegador
1698.09; del
1698.29; terrorismo
1698.71; de
1698.83; estado
1699.21; el
1699.77; proceso
1700.01; contó
1700.45; con
1700.59; la
1700.69; complicidad
1701.25; de
1701.39; la
1701.51; mayor
1701.73; parte
1702.05; de
1702.25; la
1702.35; cúpula
1702.69; de
1702.83; la
1702.91; iglesia
1703.19; argentina
1703.79; tambien
1704.75; fue
1705.33; la
1705.49; jerarquia
1706.07; eclesiástica
1706.75; la
1706.89; que
1707.05; a
1707.13; esta
1707.33; altura
1707.61; de
1707.77; este
1707.89; nuevo
1708.07; ciclo
1708.41; militar
1708.77; sugirio
1709.71; que
1709.85; en
1709.91; algunos
1710.19; niveles
1710.61; de
1710.75; la
1710.85; administracion
1711.39; se
1711.59; podierre
1712.07; emblazando
1712.61; los
1712.73; funcionarios
1713.25; castrences
1713.83; por
1714.37; civiles
1714.89; profesionales
1715.73; competentes
1716.31; sin
1716.85; compromiso
1717.31; político
1717.71; alguno
1728.76; así
1728.94; que
1729.40; en
1729.52; varios
1729.70; municipios
1730.28; surgió
1730.58; la
1730.68; posibilidad
1731.14; de
1731.38; ubicar
1731.68; el
1731.86; gobierno
1732.08; vecinos
1732.74; caracterizados
1733.52; que
1733.72; siguieran
1734.20; las
1734.66; pautas
1735.00; del
1735.12; gobierno
1735.34; militar
1735.74; nacional
1736.28; la
1737.20; iglesia
1737.52; de
1737.70; cada
1737.90; jurisdiccion
1738.44; daria
1738.76; la
1738.88; lista
1739.08; de
1739.22; posibles
1739.54; candidatos
1740.20; en
1741.06; este
1741.20; balecheberria
1741.76; fue
1742.06; el
1742.32; cura
1742.56; de
1742.66; tristanzoares
1743.34; elisionata
1744.28; quien
1744.74; se
1744.94; apresuró
1745.40; a
1745.50; proponer
1745.84; a
1745.96; un
1746.04; joven
1746.24; contador
1746.70; de
1746.88; monte
1747.04; grande
1747.48; profesor
1748.26; del
1748.44; instituto
1748.84; manuelo
1749.26; e
1749.32; grano
1749.62; que
1750.02; él
1750.16; habia
1750.48; fundado
1751.00; para
1751.54; cubrir
1751.84; la
1751.98; vacante
1752.38; que
1752.52; dejaba
1752.92; alesina
1753.50; era
1754.20; alberto
1754.56; gropi
1754.94; quien
1755.38; asumio
1755.74; esa
1755.90; funciona
1756.36; fines
1756.68; de
1756.92; noviembre
1757.32; de
1757.44; 1979
1758.40; con
1759.40; él
1759.64; y
1760.12; una
1760.24; serie
1760.42; de
1760.56; profesionales
1761.16; de
1761.26; la
1761.34; misma
1761.58; procedencia
1762.26; se
1762.78; cubrieron
1763.14; los
1763.32; cargos
1763.56; mas
1763.72; altos
1764.18; de
1764.26; la
1764.34; intensa
1764.82; local
1765.18; la
1765.76; penoria
1766.02; económica
1766.62; alcanzaba
1767.12; a
1767.24; nuestras
1767.44; localidades
1768.10; era
1768.64; el
1768.82; furor
1769.10; de
1769.24; la
1769.34; tinta
1769.56; financiera
1770.16; y
1770.28; los
1770.38; puestos
1770.68; de
1770.80; trabajo
1771.14; la
1771.32; industria
1771.64; nacional
1772.02; se
1772.20; reducían
1772.64; dia
1772.88; a
1773.00; dia
1773.26; la
1773.94; tradicional
1774.40; indústria
1774.80; textila
1775.20; argentina
1775.64; colapsaba
1776.12; en
1776.32; la
1776.40; invasión
1776.70; de
1776.82; artículos
1777.16; extranjeros
1777.96; entre
1778.46; febrero
1778.86; y
1778.98; marzo
1779.24; de
1779.36; 1980
1780.12; la
1780.86; fábrica
1781.20; al
1781.34; bargata
1781.70; suspendió
1782.28; a
1782.34; dos
1782.44; mil
1782.54; obreros
1783.06; amat
1783.70; de
1784.10; monte
1784.30; grande
1784.70; que
1785.08; contaba
1785.40; con
1785.58; 800
1785.90; operarios
1786.66; suspendió
1787.30; a
1787.36; 600
1787.82; otras
1788.62; empresas
1789.00; del
1789.22; con
1789.36; urbano
1789.74; seguían
1790.46; la
1790.60; misma
1790.80; suerte
1791.24; las
1792.62; barriadas
1792.92; populares
1793.40; del
1793.54; distrito
1793.98; eran
1794.50; las
1794.68; principales
1795.14; víctimas
1795.56; de
1795.70; esta
1795.88; situación
1796.40; aquellos
1797.28; que
1797.56; antes
1797.86; hubieran
1798.20; acudido
1798.76; a
1798.86; una
1799.04; unidad
1799.30; básica
1799.76; o
1800.16; un
1800.30; comité
1800.60; politico
1801.20; se
1801.64; refugiaban
1802.16; ahora
1802.52; en
1802.68; las
1802.74; sociedades
1803.18; de
1803.34; fomento
1803.78; o
1803.98; clubes
1804.30; locales
1804.90; a
1805.50; ellos
1805.76; estaria
1806.54; dirigida
1806.98; a
1807.08; la
1807.14; acción
1807.42; del
1807.66; nuevo
1807.80; intendente
1808.54; a
1809.71; poco
1809.93; de
1810.11; iniciada
1810.47; su
1810.67; gestión
1810.97; se
1811.15; puso
1811.37; en
1811.45; contacto
1811.83; con
1811.99; dirigentes
1812.39; fomentistas
1812.99; de
1813.15; cada
1813.33; barrio
1813.65; localidad
1814.35; y
1814.73; les
1814.81; hizo
1815.03; conocer
1815.31; su
1815.59; filosofia
1816.07; de
1816.23; goberno
1821.85; por
1822.99; supuesto
1823.47; el
1824.03; goberno
1824.35; provincial
1824.79; en
1825.21; ese
1825.37; momento
1825.61; en
1825.87; manos
1826.03; del
1826.21; general
1826.57; iberico
1827.11; se
1827.27; engen
1827.59; pero
1828.03; porcionaria
1828.59; recursos
1829.11; para
1829.39; financiar
1829.85; las
1830.01; obras
1830.37; grupy
1831.57; recorrería
1832.47; ya
1832.89; en
1833.03; esos
1833.19; meses
1833.47; de
1833.67; 1980
1834.47; las
1835.27; sociedades
1835.89; de
1836.05; fomento
1836.43; de
1836.57; todo
1836.69; el
1836.85; partido
1837.25; escuchando
1838.15; los
1838.29; reclamos
1838.65; de
1838.79; la
1838.87; gente
1839.07; poniendo
1839.61; a
1839.71; sus
1839.81; funcionarios
1840.41; a
1840.67; concretar
1841.09; los
1841.25; proyectos
1841.85; no
1842.85; había
1843.03; consejo
1843.51; derivante
1844.01; que
1844.17; discutiera
1844.59; presupuesto
1845.23; ni
1845.71; oposición
1846.27; que
1846.49; obstaculizar
1847.31; a
1847.41; sus
1847.55; decisiones
1848.33; al
1848.87; mismo
1849.05; tiempo
1849.57; recibiría
1850.39; las
1850.51; demandas
1850.87; de
1850.97; directoras
1851.43; de
1851.53; escuelas
1852.01; y
1852.21; jardinas
1852.57; de
1852.69; infantes
1853.19; a
1853.63; quienes
1853.81; les
1854.13; facilitaria
1854.95; ampliar
1855.27; las
1855.47; instalaciones
1856.03; de
1856.23; los
1856.37; establecimientos
1857.07; que
1857.27; dirigían
1857.75; o
1858.13; repararlos
1858.73; también
1859.63; se
1860.13; edificarían
1860.71; muchos
1861.03; otros
1861.49; nuevos
1861.87; la
1863.61; voz
1863.75; del
1863.91; pueblo
1864.15; decía
1864.53; la
1865.37; gente
1865.63; de
1865.83; los
1865.95; barrios
1866.23; asiste
1866.75; a
1867.03; las
1867.17; reuniones
1867.49; que
1867.63; convocaba
1868.15; con
1868.37; deseos
1868.69; de
1868.79; poner
1869.03; el
1869.23; ombro
1869.49; a
1869.71; un
1869.85; gobierno
1870.13; joven
1870.74; la
1871.70; recién
1871.96; fundada
1872.30; localidad
1872.84; de
1873.00; 9
1873.12; de
1873.36; abril
1873.60; por
1873.98; decreto
1874.34; de
1874.46; septiembre
1874.90; de
1875.08; 1978
1876.18; tendria
1877.08; su
1877.26; primer
1877.52; delegado
1878.06; municipal
1878.54; que
1879.06; fue
1879.30; ángel
1879.72; san
1880.04; emeterio
1880.84; y
1881.26; el
1881.34; intendente
1881.92; manifestando
1882.68; que
1882.86; esta
1883.04; zona
1883.30; ha
1883.54; sido
1883.72; largamente
1884.16; postergada
1884.86; iniciaba
1885.60; el
1885.76; diálogo
1886.04; con
1886.26; los
1886.38; fomentistas
1886.86; del
1887.08; lugar
1887.34; al
1889.37; mismo
1889.51; tiempo
1889.81; recorria
1890.23; calles
1890.51; de
1890.63; monte
1890.81; grande
1891.03; y
1891.23; esa
1891.47; y
1891.55; sacó
1891.75; el
1891.89; secretario
1892.31; de
1892.43; obras
1892.59; públicas
1893.21; e
1893.59; iniciaba
1893.91; trabajos
1894.35; de
1894.49; bachéo
1895.05; arreglos
1895.69; de
1895.79; alcantarillas
1896.43; san
1896.85; geo
1897.29; y
1897.49; nivelado
1897.89; de
1898.05; calles
1899.44; se
1900.00; abrió
1900.22; el
1900.40; salón
1900.60; de
1900.70; actos
1900.92; municipal
1901.30; manuel
1901.66; de
1901.78; grano
1902.14; en
1902.46; rota
1902.74; 187
1903.70; ya
1904.30; que
1904.50; la
1904.74; sede
1904.96; municipal
1905.50; no
1906.06; contaba
1906.46; con
1906.68; un
1906.86; auditorio
1907.42; propio
1907.76; desde
1908.44; allí
1908.84; reuniéndose
1909.82; y
1909.98; una
1910.24; y
1910.44; otra
1910.74; vez
1910.96; con
1911.14; dirigentes
1911.52; identidades
1912.04; de
1912.18; bien
1912.34; público
1912.80; ratificaria
1913.72; sus
1913.94; conceptos
1915.02; la
1915.30; intención
1915.72; esta
1916.04; dirigida
1916.54; a
1916.66; mejorar
1916.90; las
1917.14; condiciones
1917.42; de
1917.68; vida
1917.92; apartando
1918.40; la
1918.52; politica
1919.04; o
1919.58; la
1919.82; patria
1920.18; necesita
1920.46; joven
1921.08; es
1921.28; que
1921.30; desarrollen
1921.86; una
1922.02; vida
1922.22; despojada
1922.74; de
1922.90; interese
1923.26; egoístas
1928.84; y
1928.92; el
1929.02; judirlo
1929.30; no
1929.44; fuera
1929.68; tambien
1930.10; una
1930.72; postura
1931.12; politica
1931.85; las
1932.87; instituciones
1933.57; tradicionales
1934.21; de
1934.31; monte
1934.45; grande
1934.71; aplaudieron
1935.23; al
1935.43; mandatario
1936.05; el
1936.65; rotar
1936.89; y
1936.99; club
1937.17; lo
1937.45; invitó
1937.75; a
1937.81; una
1937.89; cena
1938.19; en
1938.47; la
1938.55; que
1938.67; expondria
1939.11; sus
1939.35; lineamientos
1939.81; de
1940.01; gobierno
1940.41; amigos
1941.19; de
1941.37; monte
1941.51; grande
1941.95; le
1942.41; ofreci
1942.61; una
1942.87; recepcion
1943.27; en
1943.41; la
1943.49; cual
1943.67; unisartante
1944.65; miembro
1945.21; de
1945.37; numero
1945.69; de
1945.97; la
1946.09; situacion
1946.65; expreso
1947.41; me
1947.83; siento
1948.15; gobierno
1948.65; aludiendo
1949.45; a
1949.65; su
1949.75; estima
1950.13; por
1950.57; el
1950.69; funcionario
1951.35; cultura
1952.09; de
1952.49; porte
1952.87; y
1953.21; cambios
1953.61; en
1953.83; la
1953.93; vida
1954.09; cotidiana
1959.13; es
1959.13; un
1959.13; embramiento
1959.39; de
1959.65; carros
1959.97; a
1960.25; barres
1960.65; y
1960.85; en
1960.97; esa
1961.17; area
1961.33; de
1961.51; gestion
1961.91; se
1962.75; creó
1962.95; la
1963.07; escuela
1963.27; municipal
1963.63; de
1963.91; arte
1964.17; que
1964.49; tendria
1964.81; como
1965.11; escenario
1965.51; de
1965.67; sus
1965.79; manifestaciones
1966.49; el
1966.85; salón
1967.05; del
1967.19; grano
1967.49; se
1968.19; participó
1968.73; de
1968.83; las
1968.95; jornadas
1969.29; de
1969.41; historia
1969.67; del
1969.91; sur
1970.05; de
1970.23; gran
1970.37; monos
1970.71; aires
1970.97; decretadas
1971.77; de
1971.95; interes
1972.27; municipal
1973.82; el
1974.84; festejo
1975.20; del
1975.36; dia
1975.50; de
1975.64; la
1975.76; primavera
1976.22; fue
1976.40; encarado
1976.78; por
1976.96; primera
1977.20; vez
1977.50; desde
1977.68; la
1977.82; comuna
1978.18; organizando
1978.80; desfile
1979.14; de
1979.30; carrosas
1979.90; cada
1980.32; barrio
1980.70; presentaria
1981.18; la
1981.32; propia
1981.72; preparada
1982.46; por
1982.64; la
1982.76; sociedad
1983.04; de
1983.30; fom
1989.64; de
1989.80; la
1989.90; plaza
1990.14; mitre
1990.52; se
1991.18; decidió
1991.54; la
1991.66; compra
1991.88; de
1992.04; un
1992.16; solar
1992.46; para
1992.70; el
1992.84; museo
1993.08; histórico
1993.44; municipal
1993.98; que
1994.52; hasta
1994.70; entonces
1995.12; funcionaba
1995.70; en
1995.84; la
1995.84; escuela
1996.00; 14
1996.52; se
1997.08; abrió
1997.28; la
1997.44; licitacion
1997.92; para
1998.18; la
1998.30; compra
1998.58; de
1998.74; un
1998.86; edificio
1999.56; y
1999.94; el
2000.04; 10
2000.14; de
2000.28; noviembre
2000.66; de
2000.84; 1980
2001.62; se
2002.44; inauguró
2003.12; en
2003.24; la
2003.34; finca
2003.68; de
2003.76; la
2003.84; estancia
2004.16; a
2004.28; la
2004.32; campana
2004.78; adquirida
2005.76; al
2005.92; efecto
2006.12; por
2006.52; el
2006.68; municipio
2007.34; para
2008.02; entonces
2008.50; la
2009.18; vida
2009.34; cotidiana
2009.82; de
2009.96; los
2010.08; hecheberianos
2010.86; había
2011.04; experimentado
2011.68; cambios
2012.20; como
2012.62; en
2012.72; el
2012.82; resto
2013.00; del
2013.18; país
2013.52; ante
2014.18; la
2014.30; invasión
2014.60; del
2014.72; importado
2015.22; las
2015.38; pautas
2015.70; de
2015.78; consumo
2016.14; se
2016.40; iba
2016.52; modificando
2017.20; y
2017.36; eso
2017.50; se
2017.64; dejaba
2017.94; ver
2018.16; en
2018.32; las
2018.40; publicidades
2018.98; de
2019.20; los
2019.30; comercios
2019.68; locales
2020.28; las
2020.76; actividades
2021.44; deportivas
2022.06; seguían
2022.52; atrapando
2023.02; a
2023.10; los
2023.22; impartizantes
2023.76; lugareños
2024.36; por
2024.88; ejemplo
2025.32; el
2025.84; automobilismo
2026.56; que
2026.78; en
2026.86; ese
2026.96; entonces
2027.42; con
2027.62; los
2027.74; hermanos
2028.14; jorge
2028.48; rúenrux
2029.12; hijos
2029.64; del
2029.82; legendario
2030.34; rúenrux
2030.94; de
2031.10; los
2031.18; 60
2031.76; descaban
2032.60; bien
2032.78; alto
2033.08; el
2033.20; prestigio
2033.60; de
2033.70; monte
2033.88; grande
2034.18; en
2034.44; distintos
2034.66; encuentros
2035.28; de
2035.50; turismo
2035.80; carretera
2036.38; de
2036.68; la
2036.78; provincia
2037.18; de
2037.30; buenos
2037.50; aires
2037.82; y
2038.26; aun
2038.42; del
2038.60; resto
2038.80; del
2038.98; país
2039.42; también
2040.38; en
2040.56; atletismo
2041.12; a
2041.44; pesar
2041.64; de
2041.82; las
2041.96; quejas
2042.26; de
2042.38; algunos
2042.58; especialistas
2043.26; en
2043.52; el
2043.64; tema
2043.92; por
2044.40; la
2044.54; falta
2044.74; de
2044.96; auspicio
2045.38; gubernamental
2046.22; el
2046.58; joven
2046.88; rúen
2047.30; a
2047.50; guiar
2047.80; obtenía
2048.54; triunfo
2048.94; resonantes
2049.72; ya
2050.20; era
2050.32; un
2050.44; clásico
2050.96; para
2051.18; los
2051.36; futboleros
2051.86; de
2052.00; los
2052.06; 80
2052.36; en
2052.60; este
2052.74; manecheberria
2053.42; el
2053.88; seguir
2054.14; las
2054.34; campañas
2054.76; del
2054.90; club
2055.06; adletico
2055.62; tristanzoares
2056.38; contaba
2057.02; con
2057.20; la
2057.30; dirección
2057.60; técnica
2058.08; de
2058.38; Oscar
2058.58; roco
2059.16; de
2059.40; monte
2059.62; grande
2060.12; con
2060.68; resultados
2061.00; muy
2061.28; dispares
2061.66; el
2062.16; equipo
2062.36; suelense
2062.94; llevó
2063.30; a
2063.42; su
2063.54; afición
2063.92; a
2064.26; perman
2064.54; de
2065.00; sobresaltos
2065.62; en
2066.12; el
2066.24; verano
2066.50; hecheberriano
2067.10; en
2067.18; la
2067.26; muchachada
2067.72; de
2067.86; los
2068.00; barrios
2068.36; nucleada
2068.82; en
2068.92; asociidades
2069.36; de
2069.54; fomento
2070.02; podía
2070.66; aspirar
2071.02; a
2071.06; participar
2071.58; de
2071.80; los
2071.92; campamentos
2072.34; juveniles
2072.92; que
2073.14; tambien
2073.58; desde
2073.76; la
2073.94; municipalidad
2074.68; se
2075.06; organizaban
2075.56; en
2075.66; los
2075.78; bosques
2076.04; de
2076.20; seis
2076.42; en
2077.20; algunos
2077.48; casos
2077.86; se
2078.42; lo
2078.54; llevó
2078.82; a
2078.92; las
2079.02; colonias
2079.34; de
2079.44; vacaciones
2079.80; de
2080.00; chapaz
2080.24; malal
2080.62; o
2081.02; de
2081.14; embalse
2081.50; a
2081.60; río
2081.80; tercero
2082.84; recordemos
2083.52; que
2083.72; en
2083.82; 1981
2084.66; se
2085.34; concretó
2085.74; el
2085.84; traspaso
2086.22; del
2086.40; poder
2086.66; al
2086.82; general
2087.10; roberto
2087.62; duardo
2087.86; viola
2088.44; el
2088.72; nuevo
2088.84; presidente
2089.26; de
2089.52; facto
2089.78; es
2089.94; vosot
2090.20; un
2090.34; giro
2090.68; en
2090.88; la
2090.98; marcha
2091.28; de
2091.38; la
2091.48; economia
2092.04; y
2092.40; un
2092.52; intento
2093.00; de
2093.10; apertura
2093.46; política
2093.98; ni
2094.84; una
2095.14; ni
2095.68; otra
2095.94; llegarían
2096.40; a
2096.50; concretarse
2097.18; por
2097.68; lo
2097.80; pronto
2098.20; al
2098.74; asumirse
2099.16; produjo
2099.52; la
2099.64; renovacion
2100.08; de
2100.24; gran
2100.38; cantidad
2100.68; de
2100.90; goberradores
2101.42; e
2101.58; intendentes
2102.20; en
2102.56; la
2102.62; provincia
2102.94; de
2103.08; buenos
2103.30; aires
2103.66; asumio
2104.56; el
2104.82; general
2105.10; oscar
2105.56; galino
2106.04; en
2106.54; este
2106.72; vancheberria
2107.48; alecharse
2108.42; a
2108.56; rodar
2108.86; los
2109.08; nombres
2109.44; de
2109.56; otros
2109.70; profesionales
2110.46; para
2110.62; el
2110.82; cargo
2111.04; de
2111.18; intendente
2111.84; las
2112.36; entidades
2112.84; de
2113.06; todo
2113.30; el
2113.50; distrito
2113.92; solicitar
2114.52; en
2114.62; la
2114.70; permanencia
2115.16; de
2115.30; gropi
2115.64; el
2116.18; dinamismo
2116.58; de
2116.72; la
2116.78; gestión
2117.06; municipal
2117.50; no
2118.04; se
2118.20; saba
2118.56; sorprende
2119.74; la
2120.18; magnitud
2120.60; y
2120.72; la
2120.82; cantidad
2121.06; de
2121.36; las
2121.54; obras
2121.74; que
2121.92; se
2122.04; emprendían
2122.54; considerando
2123.26; que
2123.42; el
2123.50; economía
2123.90; nacional
2124.26; y
2124.40; la
2124.52; provincial
2124.82; atravesaban
2125.50; enormes
2125.98; dificultades
2126.74; las
2127.26; alocuciones
2127.96; del
2128.34; intendente
2128.88; en
2128.98; los
2129.06; diversos
2129.42; festejos
2129.90; y
2130.16; actos
2130.36; protocolares
2131.06; no
2131.56; dejaban
2131.86; lugar
2132.12; a
2132.26; dudas
2132.92; extrema
2133.38; lecheberria
2133.98; está
2134.34; en
2134.46; marcha
2134.84; decía
2135.24; tambien
2136.12; así
2136.66; lo
2136.76; manifestaba
2137.24; el
2137.40; aviso
2137.80; de
2137.98; la
2138.08; municipalidad
2138.74; en
2139.02; el
2139.18; sexa
2139.68; que
2139.80; se
2139.94; moctaba
2140.38; aniversario
2140.92; del
2141.14; partido
2141.44; inauguraba
2142.46; nuevos
2142.76; establecimientos
2143.44; escolares
2144.08; y
2144.54; se
2144.64; acercaba
2145.04; docentes
2145.48; y
2145.66; alumnos
2146.12; a
2146.58; estos
2146.86; más
2147.30; de
2147.42; una
2147.52; vez
2147.78; los
2148.24; recibió
2148.68; en
2148.86; su
2149.00; despacho
2149.38; municipal
2149.94; concreto
2150.82; el
2151.06; inicio
2151.32; de
2151.46; las
2151.60; obras
2151.98; para
2152.30; el
2152.50; edificio
2152.92; propio
2153.18; de
2153.34; la
2153.42; escuela
2153.58; de
2153.76; enseñanza
2154.20; a
2154.38; media
2154.50; uno
2154.82; de
2154.98; montegrande
2155.82; se
2156.12; adecudió
2156.62; una
2156.80; empresa
2157.08; privada
2157.46; la
2157.64; remodel
2157.92; generacion
2158.18; integral
2158.64; e
2158.86; instalacion
2159.32; de
2159.46; juegos
2159.72; infantiles
2160.40; en
2160.60; la
2160.68; plaza
2160.98; a
2161.12; raos
2161.36; al
2161.52; faro
2161.86; junto
2162.34; a
2162.56; la
2162.58; estacion
2162.88; de
2163.02; montegrande
2163.76; se
2164.32; criaron
2164.66; guarderías
2165.16; municipales
2165.76; en
2166.04; las
2166.12; distintas
2166.52; localidades
2167.22; por
2167.82; convenio
2168.36; entre
2168.76; ferrocarriles
2169.46; argentinos
2170.22; y
2170.34; un
2170.44; consorcio
2170.94; de
2171.08; embresas
2171.44; japonesas
2172.16; se
2172.54; iniciaron
2172.90; las
2173.12; obras
2173.50; de
2173.70; electrificacion
2174.42; del
2174.60; ferrocarril
2175.14; roca
2175.50; se
2176.30; amplio
2176.56; la
2176.68; red
2176.82; de
2176.96; agua
2177.10; corriente
2177.62; se
2178.10; iniciaron
2178.38; gestiones
2178.80; anda
2179.08; autoridades
2179.46; castrenses
2180.10; para
2180.34; que
2180.54; ingenieros
2181.16; militares
2181.78; realiza
2182.20; en
2182.30; muestrios
2182.54; de
2182.76; agua
2182.94; y
2183.08; perforaciones
2183.62; a
2183.88; unos
2184.00; 130
2184.62; metros
2185.04; para
2185.60; obtener
2186.00; agua
2186.28; potable
2186.72; nueve
2187.02; de
2187.16; abril
2187.36; localidad
2188.24; a
2188.44; quejada
2188.84; por
2189.06; esa
2189.28; deficiencia
2190.02; por
2190.80; convenio
2191.20; entre
2191.38; entre
2191.62; el
2191.68; y
2191.74; el
2191.82; municipio
2192.38; se
2192.86; extendieron
2193.26; las
2193.42; líneas
2193.68; telefónicas
2194.18; en
2194.36; algunas
2194.54; localidades
2195.28; en
2195.82; los
2195.94; barrios
2196.24; se
2196.52; debieron
2196.80; conformar
2197.30; con
2197.44; algunos
2197.76; telefones
2198.22; publicos
2199.24; a
2199.60; mediados
2199.88; de
2200.02; mil
2200.12; novecientos
2200.54; ochenta
2200.86; y
2201.04; uno
2201.20; el
2201.60; gobernador
2201.98; galino
2202.38; visito
2202.74; el
2202.86; partido
2203.18; ratificando
2203.92; la
2204.06; presencia
2204.44; de
2204.58; gropi
2204.94; en
2205.12; la
2205.20; comuna
2205.52; cheberiana
2206.20; en
2206.90; el
2207.02; plano
2207.18; nacional
2207.68; se
2207.92; veía
2208.22; venir
2208.46; un
2208.70; proceso
2208.98; de
2209.24; apertura
2209.66; política
2210.10; convocatoria
2211.00; algunos
2211.30; sectores
2211.74; de
2211.90; la
2212.00; dirigencia
2212.46; partidaria
2214.24; entre
2215.32; los
2215.50; comandantes
2216.16; el
2216.80; del
2216.88; armada
2217.30; emilio
2217.60; eduardo
2217.80; masera
2218.26; proponía
2218.76; el
2218.92; partido
2219.26; para
2219.58; democarse
2220.04; social
2220.70; para
2221.16; lanzar
2221.54; su
2221.68; candidatura
2222.26; a
2222.44; la
2222.52; presidencia
2223.14; en
2223.24; el
2223.34; eventual
2223.66; caso
2224.00; de
2224.16; lecciones
2224.50; nacionales
2225.40; sostenía
2226.36; un
2226.54; pretendido
2227.04; acercamiento
2227.56; a
2227.76; los
2227.86; principios
2228.28; del
2228.42; peronismo
2229.04; gran
2229.80; para
2230.00; doja
2230.38; recuerde
2231.18; que
2231.36; masera
2231.90; fue
2232.42; uno
2232.70; de
2232.82; los
2232.98; instrumentadores
2233.78; de
2233.98; los
2234.08; campos
2234.40; cl
2234.52; en
2234.70; destinos
2234.90; de
2235.06; detención
2235.66; para
2236.50; concretar
2237.04; sus
2237.42; ambiciones
2237.84; politicas
2238.54; dejó
2239.16; la
2239.28; comandancia
2239.80; de
2239.98; la
2240.08; marina
2240.44; y
2240.54; fue
2240.66; reemplazado
2241.26; por
2241.48; el
2241.62; almirante
2242.06; jorge
2242.42; y
2242.62; sac
2242.74; analla
2243.40; que
2244.10; como
2244.46; tal
2244.80; pasó
2245.30; integrar
2245.82; la
2246.16; junta
2246.66; militar
2247.46; en
2249.16; cuanto
2249.38; a
2249.48; los
2249.58; partidos
2249.92; tradicionales
2250.94; la
2251.34; unión
2251.46; civica
2251.76; radical
2252.16; soportaba
2252.76; la
2252.90; desaparición
2253.42; de
2253.58; su
2253.72; veterano
2254.14; referente
2254.80; Ricardo
2255.26; valvin
2265.06; el
2265.36; fin
2265.54; del
2265.74; régimen
2266.06; militar
2266.46; sobre
2267.32; todo
2267.50; ahora
2267.90; que
2268.46; la
2268.66; penuria
2269.16; económica
2269.76; tambien
2270.38; desidia
2270.96; a
2271.08; las
2271.20; eje
2271.32; de
2271.56; hacer
2271.88; públicos
2272.52; sus
2272.72; reclamos
2273.24; y
2273.70; a
2273.72; cuestionar
2274.16; la
2274.30; pésima
2274.68; conducción
2275.10; económica
2275.70; y
2275.82; el
2275.94; baseamiento
2276.44; de
2276.68; la
2276.74; industria
2277.12; nacional
2277.60; en
2279.04; nuestro
2279.32; distrito
2279.84; por
2280.40; aquellos
2280.60; días
2281.00; según
2281.32; el
2281.50; diario
2281.70; local
2282.04; otro
2282.68; tipo
2282.90; de
2283.06; cuestiones
2283.48; ocupaban
2284.12; a
2284.32; nuestros
2284.60; gobernantes
2285.40; una
2286.14; entidad
2286.46; cultural
2286.92; surgida
2287.46; por
2287.62; esos
2287.82; años
2288.20; la
2288.84; asociacion
2289.54; de
2289.72; artes
2290.10; y
2290.26; letras
2290.66; habia
2291.24; alentado
2291.74; el
2291.88; tan
2292.04; posturgador
2292.58; reemplazo
2293.04; del
2293.24; obelisco
2293.74; herigido
2294.18; en
2294.28; honor
2294.40; a
2294.60; este
2294.76; vancheberria
2295.42; creado
2296.14; por
2296.30; intervención
2296.86; de
2297.06; amigos
2297.34; de
2297.50; monte
2297.68; grande
2298.12; en
2298.62; la
2298.72; década
2299.02; del
2299.22; cincuenta
2299.76; y
2300.20; desmantelado
2300.92; al
2301.34; remodelar
2301.82; la
2301.96; ruta
2302.20; 4
2302.58; por
2303.08; otro
2303.28; monumento
2304.02; emplasado
2304.74; en
2304.84; la
2304.90; misma
2305.16; plasoleta
2305.70; del
2305.86; vijillon
2306.30; en
2306.82; intersección
2307.54; de
2308.00; la
2308.12; calle
2308.38; uriburu
2308.88; y
2309.04; el
2309.14; camino
2309.40; de
2309.56; cintura
2310.02; en
2310.50; el
2310.66; instituido
2311.34; día
2311.66; de
2311.78; la
2311.88; cultura
2312.28; 2
2312.96; de
2313.16; sept
2313.36; septiembre
2313.74; natalicio
2314.56; del
2314.76; poeta
2315.14; así
2315.66; se
2315.78; lo
2315.86; recordaria
2316.52; alguna
2317.22; referencia
2317.94; al
2318.06; personaje
2318.68; con
2319.32; cuyo
2319.70; nombre
2320.04; se
2320.24; vaudisual
2320.66; municipio
2321.30; debia
2321.90; encontrarse
2322.56; dentro
2322.92; del
2323.14; territorio
2323.60; de
2323.70; la
2323.78; comuna
2324.20; al
2324.94; concluir
2325.40; el
2325.58; año
2325.74; 1981
2326.54; se
2327.16; produjo
2327.60; el
2327.84; alejamiento
2328.26; definitivo
2328.88; del
2329.00; general
2329.38; viola
2329.94; de
2330.14; la
2330.26; presidencia
2330.78; de
2330.90; la
2330.98; nacion
2331.30; y
2331.90; su
2332.04; reemplazo
2332.48; por
2332.66; el
2332.74; general
2333.06; leopoldo
2333.56; fortunato
2334.04; galtieri
2335.13; apenas
2336.25; iniciado
2336.75; en
2336.89; 1982
2337.65; galino
2338.89; puso
2339.49; a
2339.59; disposición
2340.17; del
2340.49; nuevo
2340.69; presidente
2341.27; su
2341.57; renuncia
2342.11; mientras
2343.13; desde
2343.47; el
2343.65; gobierno
2343.79; nacional
2344.47; el
2344.91; nuevo
2345.05; ministro
2345.43; de
2345.57; economía
2346.15; roberto
2346.67; aleman
2347.13; aconsejaba
2348.45; frenar
2349.07; gasto
2349.79; en
2350.57; este
2350.71; vancheberria
2351.41; se
2351.93; anunció
2352.29; la
2352.43; construcción
2352.89; de
2352.99; 300
2353.37; viviendas
2353.97; del
2354.09; fonavi
2354.51; fondo
2355.19; nacional
2355.59; de
2355.75; la
2355.85; vivienda
2356.35; también
2357.21; el
2357.49; intendente
2358.01; europee
2358.65; dio
2358.93; a
2359.01; conocer
2359.35; obras
2359.79; de
2359.97; ampliación
2360.51; de
2360.71; espacios
2361.09; abiertos
2361.61; para
2361.79; recreacion
2362.31; de
2362.43; los
2362.57; niños
2365.23; la
2365.23; nueva
2365.41; conducción
2365.87; económica
2366.37; nacional
2366.79; anunciaba
2367.55; congelamiento
2368.19; de
2368.41; salarios
2368.87; la
2369.71; protesta
2370.09; de
2370.21; los
2370.31; trabajadores
2370.89; parecía
2371.65; que
2371.77; ya
2371.93; no
2372.03; se
2372.21; iba
2372.45; a
2372.79; poder
2373.03; acallar
2375.47; en
2376.35; la
2376.45; provincia
2376.81; de
2376.93; Buenos
2377.09; Aires
2377.49; asumía
2378.45; como
2378.71; gobernador
2379.33; un
2379.67; civil
2379.99; jorge
2380.73; aguado
2381.67; este
2382.77; al
2383.21; tanto
2383.47; del
2383.61; malestar
2383.99; creciente
2384.53; de
2384.69; la
2384.77; sociedad
2385.05; civil
2385.63; decretó
2386.47; que
2386.69; en
2387.01; los
2387.09; municipios
2387.63; bonerences
2388.39; deberían
2389.21; empezar
2389.61; a
2389.73; funcionar
2390.23; consejos
2390.89; asesores
